﻿<?xml version="1.0" encoding="utf-8"?>
<Motor xmlns:xsi="http://www.w3.org/2001/XMLSchema-instance" xsi:noNamespaceSchemaLocation="/Roboter/Config/System/Common/Schemes/Motor.xsd">
  <Version Label="">
    <Info Version="Any" />
    <Schema Version="2" />
    <!--###############################################################-->
    <!--########                                               ########-->
    <!--########                   KR C4 sr                    ########-->
    <!--########                  Servo-File                   ########-->
    <!--########               KUKA-ROBOTER GMBH               ########-->
    <!--########                                               ########-->
    <!--###############################################################-->
    <!--ATB 1.27.0, DB V7.155-->
    <!--Datum: 08-May-2014 10:38:19-->
    <!--Motor:     MG_35_84_45-->
    <!--Umrichter: KSPsr12-->
    <!--xmlFileID_MG_35_84_45_KSPsr12_20140508103819_115-->
  </Version>
  <MotorData BackEMF="65.8" HoldingCurrent="3.4" ID="MG_35_84_45" KT-Factor="0.9638" KT0-Factor="1.022" MaximalCurrent="11.5" MaximalTemperature="418" NominalCurrent="2.72" PolePairNumber="5" RampUpTime="10" TorqueOfInertia="0.000157" Vendor="KUKA" WindingInductance="0.00886" WindingResistance="2.44" />
  <SpeedTorqueData>
    <SpeedTorque Speed="0" Torque="9.1" />
    <SpeedTorque Speed="1400" Torque="9.1" />
    <SpeedTorque Speed="2100" Torque="5.4" />
    <SpeedTorque Speed="6000" Torque="1.9" />
    <SpeedTorque Speed="6001" Torque="0" />
    <OperatingPoint Speed="4000" Torque="3.12" />
    <HoldingTorque Speed="0" Torque="3.47" />
  </SpeedTorqueData>
  <BrakeData Available="true" CloseTime="245" CoolOffCoeff="4.1" HoldingTorque="1.82" MaxPermanentVoltage="24" MaximalEnergy="736" OpenTime="60" PowerSaveDelay="1" PowerSaveVoltage="20.5" Torque="1.82" />
  <EncoderData Available="true" Offset="0" RatioMotorEncoder="[1/1]" />
  <SpeedCurrentDataAccelerate>
    <SpeedCurrent Current="11.5" Speed="0" />
    <SpeedCurrent Current="11.5" Speed="1400" />
    <SpeedCurrent Current="6" Speed="2100" />
    <SpeedCurrent Current="2" Speed="6000" />
    <SpeedCurrent Current="0" Speed="6250" />
  </SpeedCurrentDataAccelerate>
  <SpeedCurrentDataDecelerate>
    <SpeedCurrent Current="-11.5" Speed="0" />
    <SpeedCurrent Current="-11.5" Speed="1400" />
    <SpeedCurrent Current="-6" Speed="2100" />
    <SpeedCurrent Current="-2" Speed="6000" />
    <SpeedCurrent Current="0" Speed="6500" />
    <SpeedCurrent Current="0" Speed="6860" />
  </SpeedCurrentDataDecelerate>
  <IntermediateCircuitVoltage UzkMax="380" UzkRef="325" />
  <KT-Characteristic T_ref="343" a1="1.0601" a3="-0.0013127" b0="1" b1="-0.00034112" />
</Motor>
<!--checksum 1817-->