﻿<?xml version="1.0" encoding="utf-8"?>
<!--KUKA Roboter (C) 2010-->
<!--Erstellt am 10.02.2016 08:24-->
<LdeDataSet>
  <KUKA_Motorbestueckung>
    <MotorbestueckungID>128</MotorbestueckungID>
    <Beispiel_Roboter>#KR6 R900</Beispiel_Roboter>
    <Datum>2012-03-16T00:00:00+01:00</Datum>
  </KUKA_Motorbestueckung>
  <KUKA_Motoren>
    <MotorID>206</MotorID>
    <ArtikelNr>MG_35_84_45</ArtikelNr>
    <Bezeichnung>MG_35_84_45</Bezeichnung>
    <a0>0</a0>
    <a1>1.0601</a1>
    <a2>0</a2>
    <a3>-0.0013127</a3>
    <Datum>2013-03-07T00:00:00+01:00</Datum>
    <ServofileID>88</ServofileID>
    <Motortyp>MG_35_84_45</Motortyp>
    <Lieferant>Danaher</Lieferant>
    <Farbcodierung>KR C SR (V1)</Farbcodierung>
  </KUKA_Motoren>
  <KUKA_Motoren>
    <MotorID>207</MotorID>
    <ArtikelNr>MG_20_84_45</ArtikelNr>
    <Bezeichnung>MG_20_84_45</Bezeichnung>
    <a0>0</a0>
    <a1>0.70435</a1>
    <a2>0</a2>
    <a3>-0.0016043</a3>
    <Datum>2013-03-07T00:00:00+01:00</Datum>
    <ServofileID>88</ServofileID>
    <Motortyp>MG_20_84_45</Motortyp>
    <Lieferant>Danaher</Lieferant>
    <Farbcodierung>KR C SR (V1)</Farbcodierung>
  </KUKA_Motoren>
  <KUKA_Motoren>
    <MotorID>208</MotorID>
    <ArtikelNr>MG_12_58_60</ArtikelNr>
    <Bezeichnung>MG_12_58_60</Bezeichnung>
    <a0>0</a0>
    <a1>0.70744</a1>
    <a2>0</a2>
    <a3>-0.0032707</a3>
    <Datum>2013-03-07T00:00:00+01:00</Datum>
    <ServofileID>88</ServofileID>
    <Motortyp>MG_12_58_60</Motortyp>
    <Lieferant>Danaher</Lieferant>
    <Farbcodierung>KR C SR (V1)</Farbcodierung>
  </KUKA_Motoren>
  <KUKA_Motoren>
    <MotorID>209</MotorID>
    <ArtikelNr>MG_03_40_60</ArtikelNr>
    <Bezeichnung>MG_03_40_60</Bezeichnung>
    <a0>0</a0>
    <a1>0.31569</a1>
    <a2>0</a2>
    <a3>-0.0025644</a3>
    <Datum>2013-03-07T00:00:00+01:00</Datum>
    <ServofileID>88</ServofileID>
    <Motortyp>MG_03_40_60</Motortyp>
    <Lieferant>Danaher</Lieferant>
    <Farbcodierung>KR C SR (V1)</Farbcodierung>
  </KUKA_Motoren>
  <KUKA_Motoren_Lieferant>
    <Lieferant>Danaher</Lieferant>
    <Datum>2012-03-16T00:00:00+01:00</Datum>
  </KUKA_Motoren_Lieferant>
  <KUKA_Motorisierung>
    <MotorbestueckungID>128</MotorbestueckungID>
    <Achsnummer>1</Achsnummer>
    <MotorID>206</MotorID>
    <ServofileID>88</ServofileID>
    <Datum>2012-03-16T00:00:00+01:00</Datum>
  </KUKA_Motorisierung>
  <KUKA_Motorisierung>
    <MotorbestueckungID>128</MotorbestueckungID>
    <Achsnummer>2</Achsnummer>
    <MotorID>207</MotorID>
    <ServofileID>88</ServofileID>
    <Datum>2012-03-16T00:00:00+01:00</Datum>
  </KUKA_Motorisierung>
  <KUKA_Motorisierung>
    <MotorbestueckungID>128</MotorbestueckungID>
    <Achsnummer>3</Achsnummer>
    <MotorID>208</MotorID>
    <ServofileID>88</ServofileID>
    <Datum>2012-03-16T00:00:00+01:00</Datum>
  </KUKA_Motorisierung>
  <KUKA_Motorisierung>
    <MotorbestueckungID>128</MotorbestueckungID>
    <Achsnummer>4</Achsnummer>
    <MotorID>209</MotorID>
    <ServofileID>88</ServofileID>
    <Datum>2012-03-16T00:00:00+01:00</Datum>
  </KUKA_Motorisierung>
  <KUKA_Motorisierung>
    <MotorbestueckungID>128</MotorbestueckungID>
    <Achsnummer>5</Achsnummer>
    <MotorID>209</MotorID>
    <ServofileID>88</ServofileID>
    <Datum>2012-03-16T00:00:00+01:00</Datum>
  </KUKA_Motorisierung>
  <KUKA_Motorisierung>
    <MotorbestueckungID>128</MotorbestueckungID>
    <Achsnummer>6</Achsnummer>
    <MotorID>209</MotorID>
    <ServofileID>88</ServofileID>
    <Datum>2012-03-16T00:00:00+01:00</Datum>
  </KUKA_Motorisierung>
  <KUKA_Servofiles>
    <ServofileID>88</ServofileID>
    <Motortyp>Dummy</Motortyp>
    <Servodatum>2010-02-23T00:00:00+01:00</Servodatum>
    <Servofilename>KRC4_Servo_Dummy</Servofilename>
    <Servoregler>Dummy</Servoregler>
    <Servomotorbezeichnung>Dummy</Servomotorbezeichnung>
    <Servolieferant>Dummy</Servolieferant>
    <Servoversionsstand>Dummy</Servoversionsstand>
    <PI_VP_Isq_Regler>1069</PI_VP_Isq_Regler>
    <PI_KI_Isq_Regler>1070</PI_KI_Isq_Regler>
    <PI_VP_Isd_Regler>1071</PI_VP_Isd_Regler>
    <PI_KI_Isd_Regler>1072</PI_KI_Isd_Regler>
    <PI_Back_EMF>1073</PI_Back_EMF>
    <PI_Reglervorsteuerung>1092</PI_Reglervorsteuerung>
    <PI_Schaltfrequenz>1018</PI_Schaltfrequenz>
    <PI_Signallaufzeit>1098</PI_Signallaufzeit>
    <PI_Bremse>2</PI_Bremse>
    <PI_Uebernahme_PI_2>499</PI_Uebernahme_PI_2>
    <PI_Phasenverschiebung>1097</PI_Phasenverschiebung>
    <PI_Polpaarverhaeltnis>1079</PI_Polpaarverhaeltnis>
    <Reglervorsteuerung>18</Reglervorsteuerung>
    <Schaltfrequenz>0</Schaltfrequenz>
  </KUKA_Servofiles>
  <KUKA_Zentralhaende>
    <HandID>788</HandID>
    <Gesamthand>false</Gesamthand>
    <Handbezeichnung>ZH10-R1100-Agilus (modifiziert)</Handbezeichnung>
    <Achsnummer>4</Achsnummer>
    <Masse>7.31</Masse>
    <c_x>-0.001</c_x>
    <c_y>0.0025</c_y>
    <c_z>-0.22</c_z>
    <I_x>0.482085</I_x>
    <I_y>0.480795</I_y>
    <I_z>0.01286</I_z>
    <Datum>2013-10-28T00:00:00+01:00</Datum>
  </KUKA_Zentralhaende>
  <KUKA_Zentralhaende>
    <HandID>789</HandID>
    <Gesamthand>false</Gesamthand>
    <Handbezeichnung>ZH10-R1100-Agilus (modifiziert)</Handbezeichnung>
    <Achsnummer>5</Achsnummer>
    <Masse>1.55</Masse>
    <c_x>0</c_x>
    <c_y>0.005</c_y>
    <c_z>0.0183</c_z>
    <I_x>0.002658</I_x>
    <I_y>0.002537</I_y>
    <I_z>0.001224</I_z>
    <Datum>2013-10-28T00:00:00+01:00</Datum>
  </KUKA_Zentralhaende>
  <KUKA_Zentralhaende>
    <HandID>790</HandID>
    <Gesamthand>false</Gesamthand>
    <Handbezeichnung>ZH10-R1100-Agilus (modifiziert)</Handbezeichnung>
    <Achsnummer>6</Achsnummer>
    <Masse>0.19</Masse>
    <c_x>7E-05</c_x>
    <c_y>0</c_y>
    <c_z>0.06645</c_z>
    <I_x>0.000885</I_x>
    <I_y>0.000885</I_y>
    <I_z>4.3E-05</I_z>
    <Datum>2013-10-28T00:00:00+01:00</Datum>
  </KUKA_Zentralhaende>
  <KUKA_Zentralhaende>
    <HandID>791</HandID>
    <Gesamthand>true</Gesamthand>
    <Handbezeichnung>ZH10-R1100-Agilus (modifiziert)</Handbezeichnung>
    <Masse>10.251</Masse>
    <c_x>-0.0007</c_x>
    <c_y>0.0027</c_y>
    <c_z>-0.28</c_z>
    <I_x>0.563952</I_x>
    <I_y>0.562542</I_y>
    <I_z>0.014764</I_z>
    <Datum>2013-10-28T00:00:00+01:00</Datum>
  </KUKA_Zentralhaende>
  <KUKA_ZH>
    <Handbezeichnung>ZH10-R1100-Agilus (modifiziert)</Handbezeichnung>
    <ZH_Kuerzel>ZH SR</ZH_Kuerzel>
    <Datum>2013-10-28T00:00:00+01:00</Datum>
  </KUKA_ZH>
  <LDE_Hilfsgroessen>
    <Bezeichnung>KR100P</Bezeichnung>
    <Tool_Type>false</Tool_Type>
    <Current_Limit>true</Current_Limit>
  </LDE_Hilfsgroessen>
  <LDE_Hilfsgroessen>
    <Bezeichnung>KR350</Bezeichnung>
    <Tool_Type>false</Tool_Type>
    <Current_Limit>true</Current_Limit>
  </LDE_Hilfsgroessen>
  <LDE_Hilfsgroessen>
    <Bezeichnung>KR360</Bezeichnung>
    <Tool_Type>false</Tool_Type>
    <Current_Limit>true</Current_Limit>
  </LDE_Hilfsgroessen>
  <LDE_Hilfsgroessen>
    <Bezeichnung>KR500</Bezeichnung>
    <Tool_Type>false</Tool_Type>
    <Current_Limit>true</Current_Limit>
  </LDE_Hilfsgroessen>
  <LDE_Hilfsgroessen>
    <Bezeichnung>Standard</Bezeichnung>
    <Tool_Type>false</Tool_Type>
    <Current_Limit>true</Current_Limit>
  </LDE_Hilfsgroessen>
  <LDE_Limit_Achsen>
    <Limit_AchsenID>9</Limit_AchsenID>
  </LDE_Limit_Achsen>
  <LDE_Limit_Achsen_Werte>
    <Limit_AchsenID>9</Limit_AchsenID>
    <Achsnummer>3</Achsnummer>
    <Wert>25</Wert>
  </LDE_Limit_Achsen_Werte>
  <LDE_Limit_Achsen_Werte>
    <Limit_AchsenID>9</Limit_AchsenID>
    <Achsnummer>4</Achsnummer>
    <Wert>20</Wert>
  </LDE_Limit_Achsen_Werte>
  <LDE_Limit_Achsen_Werte>
    <Limit_AchsenID>9</Limit_AchsenID>
    <Achsnummer>5</Achsnummer>
    <Wert>10</Wert>
  </LDE_Limit_Achsen_Werte>
  <LDE_Limit_Achsen_Werte>
    <Limit_AchsenID>9</Limit_AchsenID>
    <Achsnummer>6</Achsnummer>
    <Wert>10</Wert>
  </LDE_Limit_Achsen_Werte>
  <LDE_Neue_Parameter>
    <Neue_ParameterID>1072</Neue_ParameterID>
    <Standard_ParameterID>724</Standard_ParameterID>
    <Satz_Nr>1</Satz_Nr>
    <Gueltigkeitsbereich>2</Gueltigkeitsbereich>
    <JA3>1.93</JA3>
    <JA4>0.15</JA4>
    <JA5>0.28481784189453108</JA5>
    <JA6>0.12159561679687501</JA6>
    <SkalA3>0.95859374999999991</SkalA3>
    <SkalA4>1</SkalA4>
    <SkalA5>0.87890624999999978</SkalA5>
    <SkalA6>1</SkalA6>
    <JA5_2>0.12085855273437493</JA5_2>
    <Datum>2013-11-19T00:00:00+01:00</Datum>
  </LDE_Neue_Parameter>
  <LDE_Neue_Parameter>
    <Neue_ParameterID>1073</Neue_ParameterID>
    <Standard_ParameterID>724</Standard_ParameterID>
    <Satz_Nr>2</Satz_Nr>
    <Gueltigkeitsbereich>2</Gueltigkeitsbereich>
    <JA3>1.93</JA3>
    <JA4>0.15</JA4>
    <JA5>0.25375973183593731</JA5>
    <JA6>0.11942779677734373</JA6>
    <SkalA3>0.94531249999999956</SkalA3>
    <SkalA4>1</SkalA4>
    <SkalA5>0.83046874999999976</SkalA5>
    <SkalA6>1</SkalA6>
    <JA5_2>0.12601230468750002</JA5_2>
    <Datum>2013-11-19T00:00:00+01:00</Datum>
  </LDE_Neue_Parameter>
  <LDE_Neue_Parameter>
    <Neue_ParameterID>1074</Neue_ParameterID>
    <Standard_ParameterID>724</Standard_ParameterID>
    <Satz_Nr>3</Satz_Nr>
    <Gueltigkeitsbereich>2</Gueltigkeitsbereich>
    <JA3>1.93</JA3>
    <JA4>0.15</JA4>
    <JA5>0.22970583027343761</JA5>
    <JA6>0.11482513974609374</JA6>
    <SkalA3>0.9328124999999996</SkalA3>
    <SkalA4>1</SkalA4>
    <SkalA5>0.77890624999999958</SkalA5>
    <SkalA6>1</SkalA6>
    <JA5_2>0.12393750078124999</JA5_2>
    <Datum>2013-11-20T00:00:00+01:00</Datum>
  </LDE_Neue_Parameter>
  <LDE_Roboter_Verfuegbarkeit>
    <LDE_RoboterID>538</LDE_RoboterID>
    <Limit_AchsenID>9</Limit_AchsenID>
    <Version>6</Version>
    <Roboter_MotorbestueckungID>364</Roboter_MotorbestueckungID>
    <Standard_ParameterID>724</Standard_ParameterID>
    <Datum>2013-10-01T00:00:00+02:00</Datum>
  </LDE_Roboter_Verfuegbarkeit>
  <LDE_Standard_Parameter>
    <Standard_ParameterID>724</Standard_ParameterID>
    <JA3>1.93</JA3>
    <JA4>0.15</JA4>
    <JA5>0.29378710839843719</JA5>
    <JA6>0.11913577304687498</JA6>
    <SkalA3>0.9640624999999996</SkalA3>
    <SkalA4>1</SkalA4>
    <SkalA5>0.8984375</SkalA5>
    <SkalA6>1</SkalA6>
    <JA5_2>0.12180380214843739</JA5_2>
    <Datum>2013-12-24T00:00:00+01:00</Datum>
    <Optimierer>Auto-LDD</Optimierer>
    <Bemerkung>festes Optimierungsdatum für Algorithmus</Bemerkung>
  </LDE_Standard_Parameter>
  <LDE_Version>
    <Version>6</Version>
    <Datum>2009-06-02T00:00:00+02:00</Datum>
  </LDE_Version>
  <LDE_Wertetabelle>
    <Bezeichnung>KR100P</Bezeichnung>
    <Wert>25</Wert>
    <Version>6</Version>
  </LDE_Wertetabelle>
  <LDE_Wertetabelle>
    <Bezeichnung>KR350</Bezeichnung>
    <Wert>30</Wert>
    <Version>6</Version>
  </LDE_Wertetabelle>
  <LDE_Wertetabelle>
    <Bezeichnung>KR360</Bezeichnung>
    <Wert>10</Wert>
    <Version>6</Version>
  </LDE_Wertetabelle>
  <LDE_Wertetabelle>
    <Bezeichnung>KR500</Bezeichnung>
    <Wert>10</Wert>
    <Version>6</Version>
  </LDE_Wertetabelle>
  <LDE_Wertetabelle>
    <Bezeichnung>Standard</Bezeichnung>
    <Wert>25</Wert>
    <Version>6</Version>
  </LDE_Wertetabelle>
  <Roboter>
    <RoboterID>327</RoboterID>
    <Ident_Masse>true</Ident_Masse>
    <Robotertyp>#KR10R1100 C4SR FLR</Robotertyp>
    <Kukaload_Trafoname>KR 10 R1100 sixx</Kukaload_Trafoname>
    <Handbezeichnung>ZH10-R1100-Agilus (modifiziert)</Handbezeichnung>
    <dist_l31>0.035</dist_l31>
    <dist_A3_hwp>-0.515</dist_A3_hwp>
    <dist_hwp_fl>0.08</dist_hwp_fl>
    <dist_hwp_fl_y>0</dist_hwp_fl_y>
    <AchsBereichID>0</AchsBereichID>
    <ToolType>100</ToolType>
    <Datum>2013-07-26T00:00:00+02:00</Datum>
  </Roboter>
  <Roboter_Aequivalenz>
    <Trafoname>#KR10R1100 C4SR CLG</Trafoname>
    <RoboterID>327</RoboterID>
    <Datum>2013-11-13T00:00:00+01:00</Datum>
  </Roboter_Aequivalenz>
  <Roboter_Aequivalenz>
    <Trafoname>#KR10R1100 C4SR FLR</Trafoname>
    <RoboterID>327</RoboterID>
    <Datum>2013-07-26T00:00:00+02:00</Datum>
  </Roboter_Aequivalenz>
  <Roboter_Aequivalenz>
    <Trafoname>#KR10R1100 C4SR WLL</Trafoname>
    <RoboterID>327</RoboterID>
    <Datum>2013-11-13T00:00:00+01:00</Datum>
  </Roboter_Aequivalenz>
  <Roboter_Aequivalenz>
    <Trafoname>#KR10R1100 C4SR CLG 230</Trafoname>
    <RoboterID>327</RoboterID>
    <Datum>2015-10-27T00:00:00+01:00</Datum>
  </Roboter_Aequivalenz>
  <Roboter_Aequivalenz>
    <Trafoname>#KR10R1100 C4SR CLG 380</Trafoname>
    <RoboterID>327</RoboterID>
    <Datum>2015-10-27T00:00:00+01:00</Datum>
  </Roboter_Aequivalenz>
  <Roboter_Aequivalenz>
    <Trafoname>#KR10R1100 C4SR CLG 440</Trafoname>
    <RoboterID>327</RoboterID>
    <Datum>2015-10-27T00:00:00+01:00</Datum>
  </Roboter_Aequivalenz>
  <Roboter_Aequivalenz>
    <Trafoname>#KR10R1100 C4SR CLG 480</Trafoname>
    <RoboterID>327</RoboterID>
    <Datum>2015-10-27T00:00:00+01:00</Datum>
  </Roboter_Aequivalenz>
  <Roboter_Aequivalenz>
    <Trafoname>#KR10R1100 C4SR FLR 230</Trafoname>
    <RoboterID>327</RoboterID>
    <Datum>2015-10-27T00:00:00+01:00</Datum>
  </Roboter_Aequivalenz>
  <Roboter_Aequivalenz>
    <Trafoname>#KR10R1100 C4SR FLR 380</Trafoname>
    <RoboterID>327</RoboterID>
    <Datum>2015-10-27T00:00:00+01:00</Datum>
  </Roboter_Aequivalenz>
  <Roboter_Aequivalenz>
    <Trafoname>#KR10R1100 C4SR FLR 440</Trafoname>
    <RoboterID>327</RoboterID>
    <Datum>2015-10-27T00:00:00+01:00</Datum>
  </Roboter_Aequivalenz>
  <Roboter_Aequivalenz>
    <Trafoname>#KR10R1100 C4SR FLR 480</Trafoname>
    <RoboterID>327</RoboterID>
    <Datum>2015-10-27T00:00:00+01:00</Datum>
  </Roboter_Aequivalenz>
  <Roboter_Aequivalenz>
    <Trafoname>#KR10R1100 C4SR WLL 230</Trafoname>
    <RoboterID>327</RoboterID>
    <Datum>2015-10-27T00:00:00+01:00</Datum>
  </Roboter_Aequivalenz>
  <Roboter_Aequivalenz>
    <Trafoname>#KR10R1100 C4SR WLL 380</Trafoname>
    <RoboterID>327</RoboterID>
    <Datum>2015-10-27T00:00:00+01:00</Datum>
  </Roboter_Aequivalenz>
  <Roboter_Aequivalenz>
    <Trafoname>#KR10R1100 C4SR WLL 440</Trafoname>
    <RoboterID>327</RoboterID>
    <Datum>2015-10-27T00:00:00+01:00</Datum>
  </Roboter_Aequivalenz>
  <Roboter_Aequivalenz>
    <Trafoname>#KR10R1100 C4SR WLL 480</Trafoname>
    <RoboterID>327</RoboterID>
    <Datum>2015-10-27T00:00:00+01:00</Datum>
  </Roboter_Aequivalenz>
  <Roboter_Aequivalenz>
    <Trafoname>#KR10R1100 C4SR CLG 400</Trafoname>
    <RoboterID>327</RoboterID>
    <Datum>2016-02-10T07:45:00+01:00</Datum>
  </Roboter_Aequivalenz>
  <Roboter_Aequivalenz>
    <Trafoname>#KR10R1100 C4SR FLR 400</Trafoname>
    <RoboterID>327</RoboterID>
    <Datum>2016-02-10T07:45:35+01:00</Datum>
  </Roboter_Aequivalenz>
  <Roboter_Aequivalenz>
    <Trafoname>#KR10R1100 C4SR WLL 400</Trafoname>
    <RoboterID>327</RoboterID>
    <Datum>2016-02-10T07:45:55+01:00</Datum>
  </Roboter_Aequivalenz>
  <Roboter_Ako>
    <AkoID>306</AkoID>
    <RoboterID>327</RoboterID>
    <ako_45>0</ako_45>
    <ako_46>0</ako_46>
    <ako_56>-0.019545454545454546</ako_56>
    <Datum>2013-07-26T00:00:00+02:00</Datum>
  </Roboter_Ako>
  <Roboter_Grundachsen>
    <GrundachsenID>1442</GrundachsenID>
    <RoboterID>327</RoboterID>
    <Achsnummer>1</Achsnummer>
    <Masse>0</Masse>
    <c_x>0</c_x>
    <c_y>0</c_y>
    <c_z>0</c_z>
    <I_x>0</I_x>
    <I_y>0</I_y>
    <I_z>0</I_z>
    <rz>1</rz>
    <rh>7.35</rh>
    <rv>2.8</rv>
    <max_Motorstrom>0</max_Motorstrom>
    <max_Motormoment>9</max_Motormoment>
    <max_Getriebemoment>372</max_Getriebemoment>
    <MotUebersetzung>-120</MotUebersetzung>
    <Motortraegheit>4.82</Motortraegheit>
    <kt>0</kt>
    <Datum>2013-07-26T00:00:00+02:00</Datum>
  </Roboter_Grundachsen>
  <Roboter_Grundachsen>
    <GrundachsenID>1443</GrundachsenID>
    <RoboterID>327</RoboterID>
    <Achsnummer>2</Achsnummer>
    <Masse>12.77</Masse>
    <c_x>0</c_x>
    <c_y>0</c_y>
    <c_z>0</c_z>
    <I_x>0</I_x>
    <I_y>0</I_y>
    <I_z>0</I_z>
    <rz>1</rz>
    <rh>40.31</rh>
    <rv>7.37</rv>
    <max_Motorstrom>0</max_Motorstrom>
    <max_Motormoment>5</max_Motormoment>
    <max_Getriebemoment>300</max_Getriebemoment>
    <MotUebersetzung>-160</MotUebersetzung>
    <Motortraegheit>6.8</Motortraegheit>
    <kt>0</kt>
    <Datum>2013-07-26T00:00:00+02:00</Datum>
  </Roboter_Grundachsen>
  <Roboter_Grundachsen>
    <GrundachsenID>1444</GrundachsenID>
    <RoboterID>327</RoboterID>
    <Achsnummer>3</Achsnummer>
    <Masse>6.02</Masse>
    <c_x>0.0064</c_x>
    <c_y>0.012</c_y>
    <c_z>0</c_z>
    <I_x>0.06</I_x>
    <I_y>0.008</I_y>
    <I_z>0.06</I_z>
    <rz>1</rz>
    <rh>24.31</rh>
    <rv>5.86</rv>
    <max_Motorstrom>0</max_Motorstrom>
    <max_Motormoment>3</max_Motormoment>
    <max_Getriebemoment>161</max_Getriebemoment>
    <MotUebersetzung>-160</MotUebersetzung>
    <Motortraegheit>1.93</Motortraegheit>
    <kt>0</kt>
    <Datum>2013-07-26T00:00:00+02:00</Datum>
    <Bemerkung>m=3,71 -&gt; 6,02; cx=0,035 -&gt; 0,0064; cy=0,01957 -&gt; 0,012; Iy = 0,01 -&gt; 0,008</Bemerkung>
  </Roboter_Grundachsen>
  <Roboter_Handachsen>
    <HandachsenID>1437</HandachsenID>
    <RoboterID>327</RoboterID>
    <Achsnummer>4</Achsnummer>
    <rz>1</rz>
    <rh>5.84</rh>
    <rv>0.61</rv>
    <max_Motorstrom>0</max_Motorstrom>
    <max_Motormoment>1</max_Motormoment>
    <max_Getriebemoment>41</max_Getriebemoment>
    <MotUebersetzung>94.444444444444443</MotUebersetzung>
    <Motortraegheit>0.15</Motortraegheit>
    <kt>0</kt>
    <Datum>2013-07-26T00:00:00+02:00</Datum>
  </Roboter_Handachsen>
  <Roboter_Handachsen>
    <HandachsenID>1438</HandachsenID>
    <RoboterID>327</RoboterID>
    <Achsnummer>5</Achsnummer>
    <rz>1</rz>
    <rh>7.21</rh>
    <rv>2.19</rv>
    <max_Motorstrom>0</max_Motorstrom>
    <max_Motormoment>1</max_Motormoment>
    <max_Getriebemoment>41</max_Getriebemoment>
    <MotUebersetzung>115.59046283309958</MotUebersetzung>
    <Motortraegheit>0.21</Motortraegheit>
    <kt>0</kt>
    <Datum>2013-07-26T00:00:00+02:00</Datum>
  </Roboter_Handachsen>
  <Roboter_Handachsen>
    <HandachsenID>1439</HandachsenID>
    <RoboterID>327</RoboterID>
    <Achsnummer>6</Achsnummer>
    <rz>1</rz>
    <rh>7.5</rh>
    <rv>1.41</rv>
    <max_Motorstrom>0</max_Motorstrom>
    <max_Motormoment>1</max_Motormoment>
    <max_Getriebemoment>28</max_Getriebemoment>
    <MotUebersetzung>73.160319065273569</MotUebersetzung>
    <Motortraegheit>0.13</Motortraegheit>
    <kt>0</kt>
    <Datum>2013-07-26T00:00:00+02:00</Datum>
  </Roboter_Handachsen>
  <Roboter_Motorbestueckung>
    <Roboter_MotorbestueckungID>364</Roboter_MotorbestueckungID>
    <MotorbestueckungID>128</MotorbestueckungID>
    <RoboterID>327</RoboterID>
    <Datum>2013-07-26T08:59:06+02:00</Datum>
  </Roboter_Motorbestueckung>
</LdeDataSet>