<?xml version="1.0" encoding="iso-8859-1"?>
<!-- Created with EniEngine -->
<EtherCATConfig xsi:noNamespaceSchemaLocation="/Roboter/Config/System/Common/Schemes/EtherCATConfig.xsd" Version="1.3" xmlns:xsi="http://www.w3.org/2001/XMLSchema-instance">
   <Config>
      <Master>
         <Info>
            <Name><![CDATA[KUKA System Bus (SYS-X48)]]></Name>
            <Destination>ffffffffffff</Destination>
            <Source>ffffffffffff</Source>
            <EtherType>a488</EtherType>
         </Info>
         <MailboxStates>
            <StartAddr>150994944</StartAddr>
            <Count>1</Count>
         </MailboxStates>
         <InitCmds>
            <InitCmd>
               <Transition>IP</Transition>
               <BeforeSlave>1</BeforeSlave>
               <Comment><![CDATA[read slave count]]></Comment>
               <Requires>cycle</Requires>
               <Cmd>7</Cmd>
               <Adp>0</Adp>
               <Ado>304</Ado>
               <Data>0000</Data>
               <Retries>0</Retries>
            </InitCmd>
            <InitCmd>
               <Transition>IP</Transition>
               <BeforeSlave>1</BeforeSlave>
               <Comment><![CDATA[read slave count]]></Comment>
               <Requires>cycle</Requires>
               <Cmd>7</Cmd>
               <Adp>0</Adp>
               <Ado>304</Ado>
               <Data>0000</Data>
               <Retries>0</Retries>
            </InitCmd>
            <InitCmd>
               <Transition>IP</Transition>
               <BeforeSlave>1</BeforeSlave>
               <Comment><![CDATA[enable ECAT IRQ]]></Comment>
               <Requires>cycle</Requires>
               <Cmd>8</Cmd>
               <Adp>0</Adp>
               <Ado>512</Ado>
               <Data>0400</Data>
               <Retries>3</Retries>
            </InitCmd>
            <InitCmd>
               <Transition>IP</Transition>
               <BeforeSlave>1</BeforeSlave>
               <Comment><![CDATA[clear configured addresses]]></Comment>
               <Requires>cycle</Requires>
               <Cmd>8</Cmd>
               <Adp>0</Adp>
               <Ado>16</Ado>
               <Data>0000</Data>
               <Retries>3</Retries>
            </InitCmd>
            <InitCmd>
               <Transition>IP</Transition>
               <BeforeSlave>1</BeforeSlave>
               <Comment><![CDATA[clear crc register]]></Comment>
               <Requires>cycle</Requires>
               <Cmd>8</Cmd>
               <Adp>0</Adp>
               <Ado>768</Ado>
               <Data>0000000000000000</Data>
               <Retries>3</Retries>
            </InitCmd>
            <InitCmd>
               <Transition>IP</Transition>
               <Transition>PI</Transition>
               <Transition>BI</Transition>
               <Transition>SI</Transition>
               <Transition>OI</Transition>
               <BeforeSlave>1</BeforeSlave>
               <Comment><![CDATA[clear fmmu]]></Comment>
               <Requires>cycle</Requires>
               <Cmd>8</Cmd>
               <Adp>0</Adp>
               <Ado>1536</Ado>
               <DataLength>256</DataLength>
               <Retries>3</Retries>
            </InitCmd>
            <InitCmd>
               <Transition>IP</Transition>
               <BeforeSlave>1</BeforeSlave>
               <Comment><![CDATA[clear sm]]></Comment>
               <Requires>cycle</Requires>
               <Cmd>8</Cmd>
               <Adp>0</Adp>
               <Ado>2048</Ado>
               <DataLength>256</DataLength>
               <Retries>3</Retries>
            </InitCmd>
            <InitCmd>
               <Transition>IP</Transition>
               <BeforeSlave>1</BeforeSlave>
               <Comment><![CDATA[clear dc system time]]></Comment>
               <Requires>cycle</Requires>
               <Cmd>8</Cmd>
               <Adp>0</Adp>
               <Ado>2320</Ado>
               <DataLength>32</DataLength>
               <Retries>3</Retries>
            </InitCmd>
            <InitCmd>
               <Transition>IP</Transition>
               <BeforeSlave>1</BeforeSlave>
               <Comment><![CDATA[clear dc cycle cfg]]></Comment>
               <Requires>cycle</Requires>
               <Cmd>8</Cmd>
               <Adp>0</Adp>
               <Ado>2433</Ado>
               <Data>00</Data>
               <Retries>3</Retries>
            </InitCmd>
            <InitCmd>
               <Transition>IP</Transition>
               <BeforeSlave>1</BeforeSlave>
               <Comment><![CDATA[reset dc speed]]></Comment>
               <Requires>cycle</Requires>
               <Cmd>8</Cmd>
               <Adp>0</Adp>
               <Ado>2352</Ado>
               <Data>0010</Data>
               <Retries>3</Retries>
            </InitCmd>
            <InitCmd>
               <Transition>IP</Transition>
               <BeforeSlave>1</BeforeSlave>
               <Comment><![CDATA[configure dc filter]]></Comment>
               <Requires>cycle</Requires>
               <Cmd>8</Cmd>
               <Adp>0</Adp>
               <Ado>2356</Ado>
               <Data>000c</Data>
               <Retries>3</Retries>
            </InitCmd>
            <InitCmd>
               <Transition>IP</Transition>
               <BeforeSlave>1</BeforeSlave>
               <Comment><![CDATA[en/disable second physical address]]></Comment>
               <Requires>cycle</Requires>
               <Cmd>8</Cmd>
               <Adp>0</Adp>
               <Ado>259</Ado>
               <Data>00</Data>
               <Retries>3</Retries>
            </InitCmd>
         </InitCmds>
      </Master>
      <Slave>
         <Info>
            <!--CIB SR Safety Module (SION-CIB-SR) (1001)-->
            <Name><![CDATA[CIB SR Safety Module (SION-CIB-SR)]]></Name>
            <PhysAddr>1001</PhysAddr>
            <AutoIncAddr>0</AutoIncAddr>
            <Physics>YY</Physics>
            <VendorId>24776</VendorId>
            <ProductCode>259</ProductCode>
            <RevisionNo>0</RevisionNo>
            <SerialNo>0</SerialNo>
         </Info>
         <ProcessData>
            <Send>
               <BitStart>240</BitStart>
               <BitLength>120</BitLength>
            </Send>
            <Recv>
               <BitStart>240</BitStart>
               <BitLength>120</BitLength>
            </Recv>
            <Sm2>
               <Type>Outputs</Type>
               <DefaultSize>15</DefaultSize>
               <StartAddress>4096</StartAddress>
               <ControlByte>36</ControlByte>
               <Enable>1</Enable>
               <Pdo>5632</Pdo>
            </Sm2>
            <Sm3>
               <Type>Inputs</Type>
               <DefaultSize>15</DefaultSize>
               <StartAddress>4352</StartAddress>
               <ControlByte>0</ControlByte>
               <Enable>1</Enable>
               <Pdo>6656</Pdo>
            </Sm3>
            <TxPdo Fixed="1" Mandatory="1" Sm="3">
               <Index>#x1a00</Index>
               <Name>FSoE Rsp</Name>
               <Entry>
                  <Index>#x4001</Index>
                  <SubIndex>1</SubIndex>
                  <BitLen>8</BitLen>
                  <Name>FSOE_CMD</Name>
                  <DataType>USINT</DataType>
               </Entry>
               <Entry>
                  <Index>#x4001</Index>
                  <SubIndex>2</SubIndex>
                  <BitLen>1</BitLen>
                  <Name>SIND_0</Name>
                  <DataType>BOOL</DataType>
               </Entry>
               <Entry>
                  <Index>#x4001</Index>
                  <SubIndex>3</SubIndex>
                  <BitLen>1</BitLen>
                  <Name>SIND_1</Name>
                  <DataType>BOOL</DataType>
               </Entry>
               <Entry>
                  <Index>#x4001</Index>
                  <SubIndex>4</SubIndex>
                  <BitLen>1</BitLen>
                  <Name>SIND_2</Name>
                  <DataType>BOOL</DataType>
               </Entry>
               <Entry>
                  <Index>#x4001</Index>
                  <SubIndex>5</SubIndex>
                  <BitLen>1</BitLen>
                  <Name>SIND_3</Name>
                  <DataType>BOOL</DataType>
               </Entry>
               <Entry>
                  <Index>#x4001</Index>
                  <SubIndex>6</SubIndex>
                  <BitLen>1</BitLen>
                  <Name>SIND_4</Name>
                  <DataType>BOOL</DataType>
               </Entry>
               <Entry>
                  <Index>#x4001</Index>
                  <SubIndex>7</SubIndex>
                  <BitLen>1</BitLen>
                  <Name>SIND_5</Name>
                  <DataType>BOOL</DataType>
               </Entry>
               <Entry>
                  <Index>#x4001</Index>
                  <SubIndex>8</SubIndex>
                  <BitLen>1</BitLen>
                  <Name>SIND_6</Name>
                  <DataType>BOOL</DataType>
               </Entry>
               <Entry>
                  <Index>#x4001</Index>
                  <SubIndex>9</SubIndex>
                  <BitLen>1</BitLen>
                  <Name>SIND_7</Name>
                  <DataType>BOOL</DataType>
               </Entry>
               <Entry>
                  <Index>#x4001</Index>
                  <SubIndex>10</SubIndex>
                  <BitLen>1</BitLen>
                  <Name>SIND_8</Name>
                  <DataType>BOOL</DataType>
               </Entry>
               <Entry>
                  <Index>#x4001</Index>
                  <SubIndex>11</SubIndex>
                  <BitLen>1</BitLen>
                  <Name>SIND_9</Name>
                  <DataType>BOOL</DataType>
               </Entry>
               <Entry>
                  <Index>#x4001</Index>
                  <SubIndex>12</SubIndex>
                  <BitLen>1</BitLen>
                  <Name>SIND_10</Name>
                  <DataType>BOOL</DataType>
               </Entry>
               <Entry>
                  <Index>#x4001</Index>
                  <SubIndex>13</SubIndex>
                  <BitLen>1</BitLen>
                  <Name>SIND_11</Name>
                  <DataType>BOOL</DataType>
               </Entry>
               <Entry>
                  <Index>#x4001</Index>
                  <SubIndex>14</SubIndex>
                  <BitLen>1</BitLen>
                  <Name>SIND_12</Name>
                  <DataType>BOOL</DataType>
               </Entry>
               <Entry>
                  <Index>#x4001</Index>
                  <SubIndex>15</SubIndex>
                  <BitLen>1</BitLen>
                  <Name>SIND_13</Name>
                  <DataType>BOOL</DataType>
               </Entry>
               <Entry>
                  <Index>#x4001</Index>
                  <SubIndex>16</SubIndex>
                  <BitLen>1</BitLen>
                  <Name>SIND_14</Name>
                  <DataType>BOOL</DataType>
               </Entry>
               <Entry>
                  <Index>#x4001</Index>
                  <SubIndex>17</SubIndex>
                  <BitLen>1</BitLen>
                  <Name>SIND_15</Name>
                  <DataType>BOOL</DataType>
               </Entry>
               <Entry>
                  <Index>#x4001</Index>
                  <SubIndex>18</SubIndex>
                  <BitLen>16</BitLen>
                  <Name>CRC0</Name>
                  <DataType>UINT</DataType>
               </Entry>
               <Entry>
                  <Index>#x4001</Index>
                  <SubIndex>19</SubIndex>
                  <BitLen>1</BitLen>
                  <Name>SOUTD_ERR_0</Name>
                  <DataType>BOOL</DataType>
               </Entry>
               <Entry>
                  <Index>#x4001</Index>
                  <SubIndex>20</SubIndex>
                  <BitLen>1</BitLen>
                  <Name>SOUTD_ERR_1</Name>
                  <DataType>BOOL</DataType>
               </Entry>
               <Entry>
                  <Index>#x4001</Index>
                  <SubIndex>21</SubIndex>
                  <BitLen>1</BitLen>
                  <Name>SOUTD_ERR_2</Name>
                  <DataType>BOOL</DataType>
               </Entry>
               <Entry>
                  <Index>#x4001</Index>
                  <SubIndex>22</SubIndex>
                  <BitLen>1</BitLen>
                  <Name>SOUTD_ERR_3</Name>
                  <DataType>BOOL</DataType>
               </Entry>
               <Entry>
                  <Index>#x4001</Index>
                  <SubIndex>23</SubIndex>
                  <BitLen>1</BitLen>
                  <Name>SOUTD_ERR_4</Name>
                  <DataType>BOOL</DataType>
               </Entry>
               <Entry>
                  <Index>#x4001</Index>
                  <SubIndex>24</SubIndex>
                  <BitLen>1</BitLen>
                  <Name>SOUTD_ERR_5</Name>
                  <DataType>BOOL</DataType>
               </Entry>
               <Entry>
                  <Index>#x4001</Index>
                  <SubIndex>25</SubIndex>
                  <BitLen>1</BitLen>
                  <Name>SOUTD_ERR_6</Name>
                  <DataType>BOOL</DataType>
               </Entry>
               <Entry>
                  <Index>#x4001</Index>
                  <SubIndex>26</SubIndex>
                  <BitLen>1</BitLen>
                  <Name>SOUTD_ERR_7</Name>
                  <DataType>BOOL</DataType>
               </Entry>
               <Entry>
                  <Index>#x4001</Index>
                  <SubIndex>27</SubIndex>
                  <BitLen>1</BitLen>
                  <Name>SOUTD_ERR_8</Name>
                  <DataType>BOOL</DataType>
               </Entry>
               <Entry>
                  <Index>#x4001</Index>
                  <SubIndex>28</SubIndex>
                  <BitLen>1</BitLen>
                  <Name>SOUTD_ERR_9</Name>
                  <DataType>BOOL</DataType>
               </Entry>
               <Entry>
                  <Index>#x4001</Index>
                  <SubIndex>29</SubIndex>
                  <BitLen>1</BitLen>
                  <Name>SOUTD_ERR_10</Name>
                  <DataType>BOOL</DataType>
               </Entry>
               <Entry>
                  <Index>#x4001</Index>
                  <SubIndex>30</SubIndex>
                  <BitLen>1</BitLen>
                  <Name>SOUTD_ERR_11</Name>
                  <DataType>BOOL</DataType>
               </Entry>
               <Entry>
                  <Index>#x4001</Index>
                  <SubIndex>31</SubIndex>
                  <BitLen>1</BitLen>
                  <Name>SOUTD_ERR_12</Name>
                  <DataType>BOOL</DataType>
               </Entry>
               <Entry>
                  <Index>#x4001</Index>
                  <SubIndex>32</SubIndex>
                  <BitLen>1</BitLen>
                  <Name>SOUTD_ERR_13</Name>
                  <DataType>BOOL</DataType>
               </Entry>
               <Entry>
                  <Index>#x4001</Index>
                  <SubIndex>33</SubIndex>
                  <BitLen>1</BitLen>
                  <Name>SOUTD_ERR_14</Name>
                  <DataType>BOOL</DataType>
               </Entry>
               <Entry>
                  <Index>#x4001</Index>
                  <SubIndex>34</SubIndex>
                  <BitLen>1</BitLen>
                  <Name>SOUTD_ERR_15</Name>
                  <DataType>BOOL</DataType>
               </Entry>
               <Entry>
                  <Index>#x4001</Index>
                  <SubIndex>35</SubIndex>
                  <BitLen>16</BitLen>
                  <Name>CRC1</Name>
                  <DataType>UINT</DataType>
               </Entry>
               <Entry>
                  <Index>#x4001</Index>
                  <SubIndex>36</SubIndex>
                  <BitLen>1</BitLen>
                  <Name>SIND_ERR_0</Name>
                  <DataType>BOOL</DataType>
               </Entry>
               <Entry>
                  <Index>#x4001</Index>
                  <SubIndex>37</SubIndex>
                  <BitLen>1</BitLen>
                  <Name>SIND_ERR_1</Name>
                  <DataType>BOOL</DataType>
               </Entry>
               <Entry>
                  <Index>#x4001</Index>
                  <SubIndex>38</SubIndex>
                  <BitLen>1</BitLen>
                  <Name>SIND_ERR_2</Name>
                  <DataType>BOOL</DataType>
               </Entry>
               <Entry>
                  <Index>#x4001</Index>
                  <SubIndex>39</SubIndex>
                  <BitLen>1</BitLen>
                  <Name>SIND_ERR_3</Name>
                  <DataType>BOOL</DataType>
               </Entry>
               <Entry>
                  <Index>#x4001</Index>
                  <SubIndex>40</SubIndex>
                  <BitLen>1</BitLen>
                  <Name>SIND_ERR_4</Name>
                  <DataType>BOOL</DataType>
               </Entry>
               <Entry>
                  <Index>#x4001</Index>
                  <SubIndex>41</SubIndex>
                  <BitLen>1</BitLen>
                  <Name>SIND_ERR_5</Name>
                  <DataType>BOOL</DataType>
               </Entry>
               <Entry>
                  <Index>#x4001</Index>
                  <SubIndex>42</SubIndex>
                  <BitLen>1</BitLen>
                  <Name>SIND_ERR_6</Name>
                  <DataType>BOOL</DataType>
               </Entry>
               <Entry>
                  <Index>#x4001</Index>
                  <SubIndex>43</SubIndex>
                  <BitLen>1</BitLen>
                  <Name>SIND_ERR_7</Name>
                  <DataType>BOOL</DataType>
               </Entry>
               <Entry>
                  <Index>#x4001</Index>
                  <SubIndex>44</SubIndex>
                  <BitLen>1</BitLen>
                  <Name>SIND_ERR_8</Name>
                  <DataType>BOOL</DataType>
               </Entry>
               <Entry>
                  <Index>#x4001</Index>
                  <SubIndex>45</SubIndex>
                  <BitLen>1</BitLen>
                  <Name>SIND_ERR_9</Name>
                  <DataType>BOOL</DataType>
               </Entry>
               <Entry>
                  <Index>#x4001</Index>
                  <SubIndex>46</SubIndex>
                  <BitLen>1</BitLen>
                  <Name>SIND_ERR_10</Name>
                  <DataType>BOOL</DataType>
               </Entry>
               <Entry>
                  <Index>#x4001</Index>
                  <SubIndex>47</SubIndex>
                  <BitLen>1</BitLen>
                  <Name>SIND_ERR_11</Name>
                  <DataType>BOOL</DataType>
               </Entry>
               <Entry>
                  <Index>#x4001</Index>
                  <SubIndex>48</SubIndex>
                  <BitLen>1</BitLen>
                  <Name>SIND_ERR_12</Name>
                  <DataType>BOOL</DataType>
               </Entry>
               <Entry>
                  <Index>#x4001</Index>
                  <SubIndex>49</SubIndex>
                  <BitLen>1</BitLen>
                  <Name>SIND_ERR_13</Name>
                  <DataType>BOOL</DataType>
               </Entry>
               <Entry>
                  <Index>#x4001</Index>
                  <SubIndex>50</SubIndex>
                  <BitLen>1</BitLen>
                  <Name>SIND_ERR_14</Name>
                  <DataType>BOOL</DataType>
               </Entry>
               <Entry>
                  <Index>#x4001</Index>
                  <SubIndex>51</SubIndex>
                  <BitLen>1</BitLen>
                  <Name>SIND_ERR_15</Name>
                  <DataType>BOOL</DataType>
               </Entry>
               <Entry>
                  <Index>#x4001</Index>
                  <SubIndex>52</SubIndex>
                  <BitLen>16</BitLen>
                  <Name>CRC2</Name>
                  <DataType>UINT</DataType>
               </Entry>
               <Entry>
                  <Index>#x4001</Index>
                  <SubIndex>53</SubIndex>
                  <BitLen>16</BitLen>
                  <Name>CONNECTION_ID</Name>
                  <DataType>UINT</DataType>
               </Entry>
            </TxPdo>
            <RxPdo Fixed="1" Mandatory="1" Sm="2">
               <Index>#x1600</Index>
               <Name>FSoE Cmd</Name>
               <Entry>
                  <Index>#x3001</Index>
                  <SubIndex>1</SubIndex>
                  <BitLen>8</BitLen>
                  <Name>FSOE_CMD</Name>
                  <DataType>USINT</DataType>
               </Entry>
               <Entry>
                  <Index>#x3001</Index>
                  <SubIndex>2</SubIndex>
                  <BitLen>1</BitLen>
                  <Name>SOUTD_0</Name>
                  <DataType>BOOL</DataType>
               </Entry>
               <Entry>
                  <Index>#x3001</Index>
                  <SubIndex>3</SubIndex>
                  <BitLen>1</BitLen>
                  <Name>SOUTD_1</Name>
                  <DataType>BOOL</DataType>
               </Entry>
               <Entry>
                  <Index>#x3001</Index>
                  <SubIndex>4</SubIndex>
                  <BitLen>1</BitLen>
                  <Name>SOUTD_2</Name>
                  <DataType>BOOL</DataType>
               </Entry>
               <Entry>
                  <Index>#x3001</Index>
                  <SubIndex>5</SubIndex>
                  <BitLen>1</BitLen>
                  <Name>SOUTD_3</Name>
                  <DataType>BOOL</DataType>
               </Entry>
               <Entry>
                  <Index>#x3001</Index>
                  <SubIndex>6</SubIndex>
                  <BitLen>1</BitLen>
                  <Name>SOUTD_4</Name>
                  <DataType>BOOL</DataType>
               </Entry>
               <Entry>
                  <Index>#x3001</Index>
                  <SubIndex>7</SubIndex>
                  <BitLen>1</BitLen>
                  <Name>SOUTD_5</Name>
                  <DataType>BOOL</DataType>
               </Entry>
               <Entry>
                  <Index>#x3001</Index>
                  <SubIndex>8</SubIndex>
                  <BitLen>1</BitLen>
                  <Name>SOUTD_6</Name>
                  <DataType>BOOL</DataType>
               </Entry>
               <Entry>
                  <Index>#x3001</Index>
                  <SubIndex>9</SubIndex>
                  <BitLen>1</BitLen>
                  <Name>SOUTD_7</Name>
                  <DataType>BOOL</DataType>
               </Entry>
               <Entry>
                  <Index>#x3001</Index>
                  <SubIndex>10</SubIndex>
                  <BitLen>1</BitLen>
                  <Name>SOUTD_8</Name>
                  <DataType>BOOL</DataType>
               </Entry>
               <Entry>
                  <Index>#x3001</Index>
                  <SubIndex>11</SubIndex>
                  <BitLen>1</BitLen>
                  <Name>SOUTD_9</Name>
                  <DataType>BOOL</DataType>
               </Entry>
               <Entry>
                  <Index>#x3001</Index>
                  <SubIndex>12</SubIndex>
                  <BitLen>1</BitLen>
                  <Name>SOUTD_10</Name>
                  <DataType>BOOL</DataType>
               </Entry>
               <Entry>
                  <Index>#x3001</Index>
                  <SubIndex>13</SubIndex>
                  <BitLen>1</BitLen>
                  <Name>SOUTD_11</Name>
                  <DataType>BOOL</DataType>
               </Entry>
               <Entry>
                  <Index>#x3001</Index>
                  <SubIndex>14</SubIndex>
                  <BitLen>1</BitLen>
                  <Name>SOUTD_12</Name>
                  <DataType>BOOL</DataType>
               </Entry>
               <Entry>
                  <Index>#x3001</Index>
                  <SubIndex>15</SubIndex>
                  <BitLen>1</BitLen>
                  <Name>SOUTD_13</Name>
                  <DataType>BOOL</DataType>
               </Entry>
               <Entry>
                  <Index>#x3001</Index>
                  <SubIndex>16</SubIndex>
                  <BitLen>1</BitLen>
                  <Name>SOUTD_14</Name>
                  <DataType>BOOL</DataType>
               </Entry>
               <Entry>
                  <Index>#x3001</Index>
                  <SubIndex>17</SubIndex>
                  <BitLen>1</BitLen>
                  <Name>SOUTD_15</Name>
                  <DataType>BOOL</DataType>
               </Entry>
               <Entry>
                  <Index>#x3001</Index>
                  <SubIndex>18</SubIndex>
                  <BitLen>16</BitLen>
                  <Name>CRC0</Name>
                  <DataType>UINT</DataType>
               </Entry>
               <Entry>
                  <Index>#x3001</Index>
                  <SubIndex>19</SubIndex>
                  <BitLen>1</BitLen>
                  <Name>SOUTD_ERR_ACK_0</Name>
                  <DataType>BOOL</DataType>
               </Entry>
               <Entry>
                  <Index>#x3001</Index>
                  <SubIndex>20</SubIndex>
                  <BitLen>1</BitLen>
                  <Name>SOUTD_ERR_ACK_1</Name>
                  <DataType>BOOL</DataType>
               </Entry>
               <Entry>
                  <Index>#x3001</Index>
                  <SubIndex>21</SubIndex>
                  <BitLen>1</BitLen>
                  <Name>SOUTD_ERR_ACK_2</Name>
                  <DataType>BOOL</DataType>
               </Entry>
               <Entry>
                  <Index>#x3001</Index>
                  <SubIndex>22</SubIndex>
                  <BitLen>1</BitLen>
                  <Name>SOUTD_ERR_ACK_3</Name>
                  <DataType>BOOL</DataType>
               </Entry>
               <Entry>
                  <Index>#x3001</Index>
                  <SubIndex>23</SubIndex>
                  <BitLen>1</BitLen>
                  <Name>SOUTD_ERR_ACK_4</Name>
                  <DataType>BOOL</DataType>
               </Entry>
               <Entry>
                  <Index>#x3001</Index>
                  <SubIndex>24</SubIndex>
                  <BitLen>1</BitLen>
                  <Name>SOUTD_ERR_ACK_5</Name>
                  <DataType>BOOL</DataType>
               </Entry>
               <Entry>
                  <Index>#x3001</Index>
                  <SubIndex>25</SubIndex>
                  <BitLen>1</BitLen>
                  <Name>SOUTD_ERR_ACK_6</Name>
                  <DataType>BOOL</DataType>
               </Entry>
               <Entry>
                  <Index>#x3001</Index>
                  <SubIndex>26</SubIndex>
                  <BitLen>1</BitLen>
                  <Name>SOUTD_ERR_ACK_7</Name>
                  <DataType>BOOL</DataType>
               </Entry>
               <Entry>
                  <Index>#x3001</Index>
                  <SubIndex>27</SubIndex>
                  <BitLen>1</BitLen>
                  <Name>SOUTD_ERR_ACK_8</Name>
                  <DataType>BOOL</DataType>
               </Entry>
               <Entry>
                  <Index>#x3001</Index>
                  <SubIndex>28</SubIndex>
                  <BitLen>1</BitLen>
                  <Name>SOUTD_ERR_ACK_9</Name>
                  <DataType>BOOL</DataType>
               </Entry>
               <Entry>
                  <Index>#x3001</Index>
                  <SubIndex>29</SubIndex>
                  <BitLen>1</BitLen>
                  <Name>SOUTD_ERR_ACK_10</Name>
                  <DataType>BOOL</DataType>
               </Entry>
               <Entry>
                  <Index>#x3001</Index>
                  <SubIndex>30</SubIndex>
                  <BitLen>1</BitLen>
                  <Name>SOUTD_ERR_ACK_11</Name>
                  <DataType>BOOL</DataType>
               </Entry>
               <Entry>
                  <Index>#x3001</Index>
                  <SubIndex>31</SubIndex>
                  <BitLen>1</BitLen>
                  <Name>SOUTD_ERR_ACK_12</Name>
                  <DataType>BOOL</DataType>
               </Entry>
               <Entry>
                  <Index>#x3001</Index>
                  <SubIndex>32</SubIndex>
                  <BitLen>1</BitLen>
                  <Name>SOUTD_ERR_ACK_13</Name>
                  <DataType>BOOL</DataType>
               </Entry>
               <Entry>
                  <Index>#x3001</Index>
                  <SubIndex>33</SubIndex>
                  <BitLen>1</BitLen>
                  <Name>SOUTD_ERR_ACK_14</Name>
                  <DataType>BOOL</DataType>
               </Entry>
               <Entry>
                  <Index>#x3001</Index>
                  <SubIndex>34</SubIndex>
                  <BitLen>1</BitLen>
                  <Name>SOUTD_ERR_ACK_15</Name>
                  <DataType>BOOL</DataType>
               </Entry>
               <Entry>
                  <Index>#x3001</Index>
                  <SubIndex>35</SubIndex>
                  <BitLen>16</BitLen>
                  <Name>CRC1</Name>
                  <DataType>UINT</DataType>
               </Entry>
               <Entry>
                  <Index>#x3001</Index>
                  <SubIndex>36</SubIndex>
                  <BitLen>1</BitLen>
                  <Name>SIND_ERR_ACK_0</Name>
                  <DataType>BOOL</DataType>
               </Entry>
               <Entry>
                  <Index>#x3001</Index>
                  <SubIndex>37</SubIndex>
                  <BitLen>1</BitLen>
                  <Name>SIND_ERR_ACK_1</Name>
                  <DataType>BOOL</DataType>
               </Entry>
               <Entry>
                  <Index>#x3001</Index>
                  <SubIndex>38</SubIndex>
                  <BitLen>1</BitLen>
                  <Name>SIND_ERR_ACK_2</Name>
                  <DataType>BOOL</DataType>
               </Entry>
               <Entry>
                  <Index>#x3001</Index>
                  <SubIndex>39</SubIndex>
                  <BitLen>1</BitLen>
                  <Name>SIND_ERR_ACK_3</Name>
                  <DataType>BOOL</DataType>
               </Entry>
               <Entry>
                  <Index>#x3001</Index>
                  <SubIndex>40</SubIndex>
                  <BitLen>1</BitLen>
                  <Name>SIND_ERR_ACK_4</Name>
                  <DataType>BOOL</DataType>
               </Entry>
               <Entry>
                  <Index>#x3001</Index>
                  <SubIndex>41</SubIndex>
                  <BitLen>1</BitLen>
                  <Name>SIND_ERR_ACK_5</Name>
                  <DataType>BOOL</DataType>
               </Entry>
               <Entry>
                  <Index>#x3001</Index>
                  <SubIndex>42</SubIndex>
                  <BitLen>1</BitLen>
                  <Name>SIND_ERR_ACK_6</Name>
                  <DataType>BOOL</DataType>
               </Entry>
               <Entry>
                  <Index>#x3001</Index>
                  <SubIndex>43</SubIndex>
                  <BitLen>1</BitLen>
                  <Name>SIND_ERR_ACK_7</Name>
                  <DataType>BOOL</DataType>
               </Entry>
               <Entry>
                  <Index>#x3001</Index>
                  <SubIndex>44</SubIndex>
                  <BitLen>1</BitLen>
                  <Name>SIND_ERR_ACK_8</Name>
                  <DataType>BOOL</DataType>
               </Entry>
               <Entry>
                  <Index>#x3001</Index>
                  <SubIndex>45</SubIndex>
                  <BitLen>1</BitLen>
                  <Name>SIND_ERR_ACK_9</Name>
                  <DataType>BOOL</DataType>
               </Entry>
               <Entry>
                  <Index>#x3001</Index>
                  <SubIndex>46</SubIndex>
                  <BitLen>1</BitLen>
                  <Name>SIND_ERR_ACK_10</Name>
                  <DataType>BOOL</DataType>
               </Entry>
               <Entry>
                  <Index>#x3001</Index>
                  <SubIndex>47</SubIndex>
                  <BitLen>1</BitLen>
                  <Name>SIND_ERR_ACK_11</Name>
                  <DataType>BOOL</DataType>
               </Entry>
               <Entry>
                  <Index>#x3001</Index>
                  <SubIndex>48</SubIndex>
                  <BitLen>1</BitLen>
                  <Name>SIND_ERR_ACK_12</Name>
                  <DataType>BOOL</DataType>
               </Entry>
               <Entry>
                  <Index>#x3001</Index>
                  <SubIndex>49</SubIndex>
                  <BitLen>1</BitLen>
                  <Name>SIND_ERR_ACK_13</Name>
                  <DataType>BOOL</DataType>
               </Entry>
               <Entry>
                  <Index>#x3001</Index>
                  <SubIndex>50</SubIndex>
                  <BitLen>1</BitLen>
                  <Name>SIND_ERR_ACK_14</Name>
                  <DataType>BOOL</DataType>
               </Entry>
               <Entry>
                  <Index>#x3001</Index>
                  <SubIndex>51</SubIndex>
                  <BitLen>1</BitLen>
                  <Name>SIND_ERR_ACK_15</Name>
                  <DataType>BOOL</DataType>
               </Entry>
               <Entry>
                  <Index>#x3001</Index>
                  <SubIndex>52</SubIndex>
                  <BitLen>16</BitLen>
                  <Name>CRC2</Name>
                  <DataType>UINT</DataType>
               </Entry>
               <Entry>
                  <Index>#x3001</Index>
                  <SubIndex>53</SubIndex>
                  <BitLen>16</BitLen>
                  <Name>CONNECTION_ID</Name>
                  <DataType>UINT</DataType>
               </Entry>
            </RxPdo>
         </ProcessData>
         <Mailbox DataLinkLayer="true">
            <Send>
               <Start>4608</Start>
               <Length>50</Length>
            </Send>
            <Recv>
               <Start>4864</Start>
               <Length>50</Length>
               <StatusBitAddr>0</StatusBitAddr>
            </Recv>
            <BootStrap>
               <Send>
                  <Start>4608</Start>
                  <Length>140</Length>
               </Send>
               <Recv>
                  <Start>4864</Start>
                  <Length>140</Length>
               </Recv>
            </BootStrap>
            <Protocol>CoE</Protocol>
            <Protocol>FoE</Protocol>
         </Mailbox>
         <InitCmds>
            <InitCmd>
               <Transition>PI</Transition>
               <Transition>BI</Transition>
               <Transition>SI</Transition>
               <Transition>OI</Transition>
               <Comment><![CDATA[set device state to INIT]]></Comment>
               <Requires>cycle</Requires>
               <Cmd>2</Cmd>
               <Adp>0</Adp>
               <Ado>288</Ado>
               <Data>1100</Data>
               <Retries>3</Retries>
               <Timeout>5000</Timeout>
            </InitCmd>
            <InitCmd>
               <Transition>PI</Transition>
               <Transition>SI</Transition>
               <Transition>OI</Transition>
               <Comment><![CDATA[check device state for INIT]]></Comment>
               <Requires>cycle</Requires>
               <Cmd>1</Cmd>
               <Adp>0</Adp>
               <Ado>304</Ado>
               <Data>0000</Data>
               <Retries>3</Retries>
               <Validate>
                  <Data>0100</Data>
                  <DataMask>0f00</DataMask>
                  <Timeout>5000</Timeout>
               </Validate>
            </InitCmd>
            <InitCmd>
               <Transition>BI</Transition>
               <Comment><![CDATA[check device state for INIT]]></Comment>
               <Requires>cycle</Requires>
               <Cmd>1</Cmd>
               <Adp>0</Adp>
               <Ado>304</Ado>
               <Data>0000</Data>
               <Retries>3</Retries>
               <Validate>
                  <Data>0100</Data>
                  <DataMask>0f00</DataMask>
                  <Timeout>10000</Timeout>
               </Validate>
            </InitCmd>
            <InitCmd>
               <Transition>IP</Transition>
               <Transition>IB</Transition>
               <Comment><![CDATA[set device state to INIT]]></Comment>
               <Requires>cycle</Requires>
               <Cmd>2</Cmd>
               <Adp>0</Adp>
               <Ado>288</Ado>
               <Data>1100</Data>
               <Cnt>1</Cnt>
               <Retries>3</Retries>
               <Timeout>15000</Timeout>
            </InitCmd>
            <InitCmd>
               <Transition>IP</Transition>
               <Transition>IB</Transition>
               <Comment><![CDATA[check device state for INIT]]></Comment>
               <Requires>cycle</Requires>
               <Cmd>1</Cmd>
               <Adp>0</Adp>
               <Ado>304</Ado>
               <Data>0000</Data>
               <Cnt>1</Cnt>
               <Retries>3</Retries>
               <Validate>
                  <Data>0100</Data>
                  <DataMask>0f00</DataMask>
                  <Timeout>15000</Timeout>
               </Validate>
            </InitCmd>
            <InitCmd>
               <Transition>IP</Transition>
               <Comment><![CDATA[assign EEPROM to ECAT]]></Comment>
               <Requires>cycle</Requires>
               <Cmd>2</Cmd>
               <Adp>0</Adp>
               <Ado>1280</Ado>
               <Data>00</Data>
               <Cnt>1</Cnt>
               <Retries>3</Retries>
            </InitCmd>
            <InitCmd>
               <Transition>IP</Transition>
               <Comment><![CDATA[check vendor id]]></Comment>
               <Cmd>2</Cmd>
               <Adp>0</Adp>
               <Ado>1282</Ado>
               <Data>000108000000</Data>
               <Cnt>1</Cnt>
               <Retries>3</Retries>
            </InitCmd>
            <InitCmd>
               <Transition>IP</Transition>
               <Comment><![CDATA[check vendor id]]></Comment>
               <Requires>cycle</Requires>
               <Cmd>1</Cmd>
               <Adp>0</Adp>
               <Ado>1288</Ado>
               <Data>00000000</Data>
               <Cnt>1</Cnt>
               <Retries>3</Retries>
               <Validate>
                  <Data>c8600000</Data>
                  <Timeout>100</Timeout>
               </Validate>
            </InitCmd>
            <InitCmd>
               <Transition>IP</Transition>
               <Comment><![CDATA[check product code]]></Comment>
               <Cmd>2</Cmd>
               <Adp>0</Adp>
               <Ado>1282</Ado>
               <Data>00010a000000</Data>
               <Cnt>1</Cnt>
               <Retries>3</Retries>
            </InitCmd>
            <InitCmd>
               <Transition>IP</Transition>
               <Comment><![CDATA[check product code]]></Comment>
               <Requires>cycle</Requires>
               <Cmd>1</Cmd>
               <Adp>0</Adp>
               <Ado>1288</Ado>
               <Data>00000000</Data>
               <Cnt>1</Cnt>
               <Retries>3</Retries>
               <Validate>
                  <Data>03010000</Data>
                  <Timeout>100</Timeout>
               </Validate>
            </InitCmd>
            <InitCmd>
               <Transition>IP</Transition>
               <Transition>IB</Transition>
               <Comment><![CDATA[set physical address]]></Comment>
               <Requires>cycle</Requires>
               <Cmd>2</Cmd>
               <Adp>0</Adp>
               <Ado>16</Ado>
               <Data>e903</Data>
               <Cnt>1</Cnt>
               <Retries>3</Retries>
            </InitCmd>
            <InitCmd>
               <Transition>IP</Transition>
               <Transition>IB</Transition>
               <Transition>PI</Transition>
               <Transition>SI</Transition>
               <Transition>OI</Transition>
               <Comment><![CDATA[clear sm 0/1 (mailbox out/in)]]></Comment>
               <Cmd>5</Cmd>
               <Adp>1001</Adp>
               <Ado>2048</Ado>
               <Data>00000000000000000000000000000000</Data>
               <Retries>3</Retries>
            </InitCmd>
            <InitCmd>
               <Transition>BI</Transition>
               <Comment><![CDATA[clear sm 0/1 (mailbox out/in)]]></Comment>
               <Cmd>2</Cmd>
               <Adp>0</Adp>
               <Ado>2048</Ado>
               <Data>00000000000000000000000000000000</Data>
               <Retries>3</Retries>
            </InitCmd>
            <InitCmd>
               <Transition>IP</Transition>
               <Comment><![CDATA[set sm 0 (mailbox out)]]></Comment>
               <Cmd>5</Cmd>
               <Adp>1001</Adp>
               <Ado>2048</Ado>
               <Data>0012320026000100</Data>
               <Cnt>1</Cnt>
               <Retries>3</Retries>
            </InitCmd>
            <InitCmd>
               <Transition>IP</Transition>
               <Comment><![CDATA[set sm 1 (mailbox in)]]></Comment>
               <Cmd>5</Cmd>
               <Adp>1001</Adp>
               <Ado>2056</Ado>
               <Data>0013320022000100</Data>
               <Cnt>1</Cnt>
               <Retries>3</Retries>
            </InitCmd>
            <InitCmd>
               <Transition>IB</Transition>
               <Comment><![CDATA[set sm 0 (bootstrap out)]]></Comment>
               <Cmd>5</Cmd>
               <Adp>1001</Adp>
               <Ado>2048</Ado>
               <Data>00128c0026000100</Data>
               <Cnt>1</Cnt>
               <Retries>3</Retries>
            </InitCmd>
            <InitCmd>
               <Transition>IB</Transition>
               <Comment><![CDATA[set sm 1 (bootstrap in)]]></Comment>
               <Cmd>5</Cmd>
               <Adp>1001</Adp>
               <Ado>2056</Ado>
               <Data>00138c0022000100</Data>
               <Cnt>1</Cnt>
               <Retries>3</Retries>
            </InitCmd>
            <InitCmd>
               <Transition>SP</Transition>
               <Transition>OP</Transition>
               <Comment><![CDATA[set device state to PREOP]]></Comment>
               <Requires>cycle</Requires>
               <Cmd>5</Cmd>
               <Adp>1001</Adp>
               <Ado>288</Ado>
               <Data>1200</Data>
               <Retries>300</Retries>
               <Timeout>5000</Timeout>
            </InitCmd>
            <InitCmd>
               <Transition>IP</Transition>
               <Transition>SP</Transition>
               <Transition>SI</Transition>
               <Transition>OP</Transition>
               <Transition>OI</Transition>
               <Comment><![CDATA[clear sms]]></Comment>
               <Cmd>5</Cmd>
               <Adp>1001</Adp>
               <Ado>2064</Ado>
               <DataLength>16</DataLength>
               <Retries>3</Retries>
            </InitCmd>
            <InitCmd>
               <Transition>PS</Transition>
               <Comment><![CDATA[set sm 2 (outputs)]]></Comment>
               <Cmd>5</Cmd>
               <Adp>1001</Adp>
               <Ado>2064</Ado>
               <Data>00100f0024000100</Data>
               <Cnt>1</Cnt>
               <Retries>3</Retries>
            </InitCmd>
            <InitCmd>
               <Transition>PS</Transition>
               <Comment><![CDATA[set sm 3 (inputs)]]></Comment>
               <Cmd>5</Cmd>
               <Adp>1001</Adp>
               <Ado>2072</Ado>
               <Data>00110f0000000100</Data>
               <Cnt>1</Cnt>
               <Retries>3</Retries>
            </InitCmd>
            <InitCmd>
               <Transition>IP</Transition>
               <Transition>IB</Transition>
               <Comment><![CDATA[set fmmu 0 (mailbox state)]]></Comment>
               <Cmd>5</Cmd>
               <Adp>1001</Adp>
               <Ado>1536</Ado>
               <Data>00000009010000000d08000101000000</Data>
               <Cnt>1</Cnt>
               <Retries>3</Retries>
            </InitCmd>
            <InitCmd>
               <Transition>PS</Transition>
               <Comment><![CDATA[set fmmu 1 (outputs)]]></Comment>
               <Cmd>5</Cmd>
               <Adp>1001</Adp>
               <Ado>1552</Ado>
               <Data>000000100f0000070010000201000000</Data>
               <Cnt>1</Cnt>
               <Retries>3</Retries>
            </InitCmd>
            <InitCmd>
               <Transition>PS</Transition>
               <Comment><![CDATA[set fmmu 2 (inputs)]]></Comment>
               <Cmd>5</Cmd>
               <Adp>1001</Adp>
               <Ado>1568</Ado>
               <Data>000000100f0000070011000101000000</Data>
               <Cnt>1</Cnt>
               <Retries>3</Retries>
            </InitCmd>
            <InitCmd>
               <Transition>OS</Transition>
               <Comment><![CDATA[set device state to SAFEOP]]></Comment>
               <Requires>cycle</Requires>
               <Cmd>5</Cmd>
               <Adp>1001</Adp>
               <Ado>288</Ado>
               <Data>0400</Data>
               <Retries>3</Retries>
               <Timeout>5000</Timeout>
            </InitCmd>
            <InitCmd>
               <Transition>PI</Transition>
               <Transition>BI</Transition>
               <Transition>SI</Transition>
               <Transition>OI</Transition>
               <Comment><![CDATA[clear fmmu 0]]></Comment>
               <Cmd>5</Cmd>
               <Adp>1001</Adp>
               <Ado>1536</Ado>
               <Data>00000000000000000000000000000000</Data>
               <Retries>3</Retries>
            </InitCmd>
            <InitCmd>
               <Transition>SP</Transition>
               <Transition>SI</Transition>
               <Transition>OP</Transition>
               <Transition>OI</Transition>
               <Comment><![CDATA[clear fmmu 1]]></Comment>
               <Cmd>5</Cmd>
               <Adp>1001</Adp>
               <Ado>1552</Ado>
               <Data>00000000000000000000000000000000</Data>
               <Retries>3</Retries>
            </InitCmd>
            <InitCmd>
               <Transition>SP</Transition>
               <Transition>SI</Transition>
               <Transition>OP</Transition>
               <Transition>OI</Transition>
               <Comment><![CDATA[clear fmmu 2]]></Comment>
               <Cmd>5</Cmd>
               <Adp>1001</Adp>
               <Ado>1568</Ado>
               <Data>00000000000000000000000000000000</Data>
               <Retries>3</Retries>
            </InitCmd>
            <InitCmd>
               <Transition>SP</Transition>
               <Transition>OP</Transition>
               <Comment><![CDATA[check device state for PREOP]]></Comment>
               <Requires>cycle</Requires>
               <Cmd>4</Cmd>
               <Adp>1001</Adp>
               <Ado>304</Ado>
               <Data>000000000000</Data>
               <Retries>3</Retries>
               <Validate>
                  <Data>020000000000</Data>
                  <DataMask>0f0000000000</DataMask>
                  <Timeout>5000</Timeout>
               </Validate>
            </InitCmd>
            <InitCmd>
               <Transition>IP</Transition>
               <Transition>IB</Transition>
               <Comment><![CDATA[assign EEPROM to PDI]]></Comment>
               <Requires>cycle</Requires>
               <Cmd>5</Cmd>
               <Adp>1001</Adp>
               <Ado>1280</Ado>
               <Data>01</Data>
               <Cnt>1</Cnt>
               <Retries>3</Retries>
            </InitCmd>
            <InitCmd>
               <Transition>II</Transition>
               <Comment><![CDATA[assign EEPROM back to ECAT]]></Comment>
               <Requires>cycle</Requires>
               <Cmd>2</Cmd>
               <Adp>0</Adp>
               <Ado>1280</Ado>
               <Data>00</Data>
               <Retries>3</Retries>
            </InitCmd>
            <InitCmd>
               <Transition>IP</Transition>
               <Comment><![CDATA[set device state to PREOP]]></Comment>
               <Requires>cycle</Requires>
               <Cmd>5</Cmd>
               <Adp>1001</Adp>
               <Ado>288</Ado>
               <Data>1200</Data>
               <Cnt>1</Cnt>
               <Retries>300</Retries>
               <Timeout>15000</Timeout>
            </InitCmd>
            <InitCmd>
               <Transition>IP</Transition>
               <Comment><![CDATA[check device state for PREOP]]></Comment>
               <Requires>cycle</Requires>
               <Cmd>4</Cmd>
               <Adp>1001</Adp>
               <Ado>304</Ado>
               <Data>000000000000</Data>
               <Cnt>1</Cnt>
               <Retries>3</Retries>
               <Validate>
                  <Data>020000000000</Data>
                  <DataMask>1f0000000000</DataMask>
                  <Timeout>15000</Timeout>
               </Validate>
            </InitCmd>
            <InitCmd>
               <Transition>IP</Transition>
               <Transition>BI</Transition>
               <Comment><![CDATA[assign EEPROM back to ECAT]]></Comment>
               <Requires>cycle</Requires>
               <Cmd>2</Cmd>
               <Adp>0</Adp>
               <Ado>1280</Ado>
               <Data>00</Data>
               <Retries>3</Retries>
            </InitCmd>
            <InitCmd>
               <Transition>IB</Transition>
               <Comment><![CDATA[set device state to BOOT]]></Comment>
               <Requires>cycle</Requires>
               <Cmd>5</Cmd>
               <Adp>1001</Adp>
               <Ado>288</Ado>
               <Data>1300</Data>
               <Cnt>1</Cnt>
               <Retries>3</Retries>
               <Timeout>15000</Timeout>
            </InitCmd>
            <InitCmd>
               <Transition>IB</Transition>
               <Comment><![CDATA[check device state for BOOT]]></Comment>
               <Requires>cycle</Requires>
               <Cmd>4</Cmd>
               <Adp>1001</Adp>
               <Ado>304</Ado>
               <Data>000000000000</Data>
               <Cnt>1</Cnt>
               <Retries>3</Retries>
               <Validate>
                  <Data>030000000000</Data>
                  <DataMask>1f0000000000</DataMask>
                  <Timeout>15000</Timeout>
               </Validate>
            </InitCmd>
            <InitCmd>
               <Transition>PS</Transition>
               <Comment><![CDATA[set device state to SAFEOP]]></Comment>
               <Requires>cycle</Requires>
               <Cmd>5</Cmd>
               <Adp>1001</Adp>
               <Ado>288</Ado>
               <Data>0400</Data>
               <Cnt>1</Cnt>
               <Retries>3</Retries>
               <Timeout>5000</Timeout>
            </InitCmd>
            <InitCmd>
               <Transition>PS</Transition>
               <Comment><![CDATA[check device state for SAFEOP]]></Comment>
               <Requires>cycle</Requires>
               <Cmd>4</Cmd>
               <Adp>1001</Adp>
               <Ado>304</Ado>
               <Data>000000000000</Data>
               <Cnt>1</Cnt>
               <Retries>3</Retries>
               <Validate>
                  <Data>040000000000</Data>
                  <DataMask>1f0000000000</DataMask>
                  <Timeout>5000</Timeout>
               </Validate>
            </InitCmd>
            <InitCmd>
               <Transition>OS</Transition>
               <Comment><![CDATA[check device state for SAFEOP]]></Comment>
               <Requires>cycle</Requires>
               <Cmd>4</Cmd>
               <Adp>1001</Adp>
               <Ado>304</Ado>
               <Data>000000000000</Data>
               <Retries>3</Retries>
               <Validate>
                  <Data>040000000000</Data>
                  <DataMask>0f0000000000</DataMask>
                  <Timeout>5000</Timeout>
               </Validate>
            </InitCmd>
            <InitCmd>
               <Transition>SO</Transition>
               <Comment><![CDATA[set device state to OP]]></Comment>
               <Requires>cycle</Requires>
               <Cmd>5</Cmd>
               <Adp>1001</Adp>
               <Ado>288</Ado>
               <Data>0800</Data>
               <Cnt>1</Cnt>
               <Retries>3</Retries>
               <Timeout>5000</Timeout>
            </InitCmd>
            <InitCmd>
               <Transition>SO</Transition>
               <Comment><![CDATA[check device state for OP]]></Comment>
               <Requires>cycle</Requires>
               <Cmd>4</Cmd>
               <Adp>1001</Adp>
               <Ado>304</Ado>
               <Data>000000000000</Data>
               <Cnt>1</Cnt>
               <Retries>3</Retries>
               <Validate>
                  <Data>080000000000</Data>
                  <DataMask>1f0000000000</DataMask>
                  <Timeout>5000</Timeout>
               </Validate>
            </InitCmd>
         </InitCmds>
         <DC>
            <PotentialReferenceClock>0</PotentialReferenceClock>
         </DC>
      </Slave>
      <Cyclic>
         <CycleTime>1000</CycleTime>
         <Frame>
            <!-- MSU Id 0: Default 0 -->
            <Cmd>
               <State>SAFEOP</State>
               <State>OP</State>
               <Comment><![CDATA[PD; LRW;]]></Comment>
               <Cmd>12</Cmd>
               <Addr>268435456</Addr>
               <DataLength>15</DataLength>
               <Cnt>3</Cnt>
               <InputOffs>20</InputOffs>
               <OutputOffs>20</OutputOffs>
            </Cmd>
            <Cmd>
               <State>PREOP</State>
               <State>SAFEOP</State>
               <State>OP</State>
               <Comment><![CDATA[MISC; LRD; Poll Mailbox State]]></Comment>
               <Cmd>10</Cmd>
               <Addr>150994944</Addr>
               <DataLength>1</DataLength>
               <InputOffs>47</InputOffs>
               <OutputOffs>47</OutputOffs>
            </Cmd>
            <Cmd>
               <State>PREOP</State>
               <State>SAFEOP</State>
               <State>OP</State>
               <Comment><![CDATA[MISC; BRD; AL Status Register]]></Comment>
               <Cmd>7</Cmd>
               <Adp>0</Adp>
               <Ado>304</Ado>
               <DataLength>2</DataLength>
               <Cnt>1</Cnt>
               <InputOffs>60</InputOffs>
               <OutputOffs>60</OutputOffs>
            </Cmd>
         </Frame>
      </Cyclic>
      <ProcessImage>
         <Inputs>
            <ByteSize>1536</ByteSize>
            <Variable>
               <Name>CIB SR Safety Module (SION-CIB-SR).FSoE Rsp.FSOE_CMD</Name>
               <DataType>USINT</DataType>
               <BitSize>8</BitSize>
               <BitOffs>240</BitOffs>
            </Variable>
            <Variable>
               <Name>CIB SR Safety Module (SION-CIB-SR).FSoE Rsp.SIND_0</Name>
               <DataType>BOOL</DataType>
               <BitSize>1</BitSize>
               <BitOffs>248</BitOffs>
            </Variable>
            <Variable>
               <Name>CIB SR Safety Module (SION-CIB-SR).FSoE Rsp.SIND_1</Name>
               <DataType>BOOL</DataType>
               <BitSize>1</BitSize>
               <BitOffs>249</BitOffs>
            </Variable>
            <Variable>
               <Name>CIB SR Safety Module (SION-CIB-SR).FSoE Rsp.SIND_2</Name>
               <DataType>BOOL</DataType>
               <BitSize>1</BitSize>
               <BitOffs>250</BitOffs>
            </Variable>
            <Variable>
               <Name>CIB SR Safety Module (SION-CIB-SR).FSoE Rsp.SIND_3</Name>
               <DataType>BOOL</DataType>
               <BitSize>1</BitSize>
               <BitOffs>251</BitOffs>
            </Variable>
            <Variable>
               <Name>CIB SR Safety Module (SION-CIB-SR).FSoE Rsp.SIND_4</Name>
               <DataType>BOOL</DataType>
               <BitSize>1</BitSize>
               <BitOffs>252</BitOffs>
            </Variable>
            <Variable>
               <Name>CIB SR Safety Module (SION-CIB-SR).FSoE Rsp.SIND_5</Name>
               <DataType>BOOL</DataType>
               <BitSize>1</BitSize>
               <BitOffs>253</BitOffs>
            </Variable>
            <Variable>
               <Name>CIB SR Safety Module (SION-CIB-SR).FSoE Rsp.SIND_6</Name>
               <DataType>BOOL</DataType>
               <BitSize>1</BitSize>
               <BitOffs>254</BitOffs>
            </Variable>
            <Variable>
               <Name>CIB SR Safety Module (SION-CIB-SR).FSoE Rsp.SIND_7</Name>
               <DataType>BOOL</DataType>
               <BitSize>1</BitSize>
               <BitOffs>255</BitOffs>
            </Variable>
            <Variable>
               <Name>CIB SR Safety Module (SION-CIB-SR).FSoE Rsp.SIND_8</Name>
               <DataType>BOOL</DataType>
               <BitSize>1</BitSize>
               <BitOffs>256</BitOffs>
            </Variable>
            <Variable>
               <Name>CIB SR Safety Module (SION-CIB-SR).FSoE Rsp.SIND_9</Name>
               <DataType>BOOL</DataType>
               <BitSize>1</BitSize>
               <BitOffs>257</BitOffs>
            </Variable>
            <Variable>
               <Name>CIB SR Safety Module (SION-CIB-SR).FSoE Rsp.SIND_10</Name>
               <DataType>BOOL</DataType>
               <BitSize>1</BitSize>
               <BitOffs>258</BitOffs>
            </Variable>
            <Variable>
               <Name>CIB SR Safety Module (SION-CIB-SR).FSoE Rsp.SIND_11</Name>
               <DataType>BOOL</DataType>
               <BitSize>1</BitSize>
               <BitOffs>259</BitOffs>
            </Variable>
            <Variable>
               <Name>CIB SR Safety Module (SION-CIB-SR).FSoE Rsp.SIND_12</Name>
               <DataType>BOOL</DataType>
               <BitSize>1</BitSize>
               <BitOffs>260</BitOffs>
            </Variable>
            <Variable>
               <Name>CIB SR Safety Module (SION-CIB-SR).FSoE Rsp.SIND_13</Name>
               <DataType>BOOL</DataType>
               <BitSize>1</BitSize>
               <BitOffs>261</BitOffs>
            </Variable>
            <Variable>
               <Name>CIB SR Safety Module (SION-CIB-SR).FSoE Rsp.SIND_14</Name>
               <DataType>BOOL</DataType>
               <BitSize>1</BitSize>
               <BitOffs>262</BitOffs>
            </Variable>
            <Variable>
               <Name>CIB SR Safety Module (SION-CIB-SR).FSoE Rsp.SIND_15</Name>
               <DataType>BOOL</DataType>
               <BitSize>1</BitSize>
               <BitOffs>263</BitOffs>
            </Variable>
            <Variable>
               <Name>CIB SR Safety Module (SION-CIB-SR).FSoE Rsp.CRC0</Name>
               <DataType>UINT</DataType>
               <BitSize>16</BitSize>
               <BitOffs>264</BitOffs>
            </Variable>
            <Variable>
               <Name>CIB SR Safety Module (SION-CIB-SR).FSoE Rsp.SOUTD_ERR_0</Name>
               <DataType>BOOL</DataType>
               <BitSize>1</BitSize>
               <BitOffs>280</BitOffs>
            </Variable>
            <Variable>
               <Name>CIB SR Safety Module (SION-CIB-SR).FSoE Rsp.SOUTD_ERR_1</Name>
               <DataType>BOOL</DataType>
               <BitSize>1</BitSize>
               <BitOffs>281</BitOffs>
            </Variable>
            <Variable>
               <Name>CIB SR Safety Module (SION-CIB-SR).FSoE Rsp.SOUTD_ERR_2</Name>
               <DataType>BOOL</DataType>
               <BitSize>1</BitSize>
               <BitOffs>282</BitOffs>
            </Variable>
            <Variable>
               <Name>CIB SR Safety Module (SION-CIB-SR).FSoE Rsp.SOUTD_ERR_3</Name>
               <DataType>BOOL</DataType>
               <BitSize>1</BitSize>
               <BitOffs>283</BitOffs>
            </Variable>
            <Variable>
               <Name>CIB SR Safety Module (SION-CIB-SR).FSoE Rsp.SOUTD_ERR_4</Name>
               <DataType>BOOL</DataType>
               <BitSize>1</BitSize>
               <BitOffs>284</BitOffs>
            </Variable>
            <Variable>
               <Name>CIB SR Safety Module (SION-CIB-SR).FSoE Rsp.SOUTD_ERR_5</Name>
               <DataType>BOOL</DataType>
               <BitSize>1</BitSize>
               <BitOffs>285</BitOffs>
            </Variable>
            <Variable>
               <Name>CIB SR Safety Module (SION-CIB-SR).FSoE Rsp.SOUTD_ERR_6</Name>
               <DataType>BOOL</DataType>
               <BitSize>1</BitSize>
               <BitOffs>286</BitOffs>
            </Variable>
            <Variable>
               <Name>CIB SR Safety Module (SION-CIB-SR).FSoE Rsp.SOUTD_ERR_7</Name>
               <DataType>BOOL</DataType>
               <BitSize>1</BitSize>
               <BitOffs>287</BitOffs>
            </Variable>
            <Variable>
               <Name>CIB SR Safety Module (SION-CIB-SR).FSoE Rsp.SOUTD_ERR_8</Name>
               <DataType>BOOL</DataType>
               <BitSize>1</BitSize>
               <BitOffs>288</BitOffs>
            </Variable>
            <Variable>
               <Name>CIB SR Safety Module (SION-CIB-SR).FSoE Rsp.SOUTD_ERR_9</Name>
               <DataType>BOOL</DataType>
               <BitSize>1</BitSize>
               <BitOffs>289</BitOffs>
            </Variable>
            <Variable>
               <Name>CIB SR Safety Module (SION-CIB-SR).FSoE Rsp.SOUTD_ERR_10</Name>
               <DataType>BOOL</DataType>
               <BitSize>1</BitSize>
               <BitOffs>290</BitOffs>
            </Variable>
            <Variable>
               <Name>CIB SR Safety Module (SION-CIB-SR).FSoE Rsp.SOUTD_ERR_11</Name>
               <DataType>BOOL</DataType>
               <BitSize>1</BitSize>
               <BitOffs>291</BitOffs>
            </Variable>
            <Variable>
               <Name>CIB SR Safety Module (SION-CIB-SR).FSoE Rsp.SOUTD_ERR_12</Name>
               <DataType>BOOL</DataType>
               <BitSize>1</BitSize>
               <BitOffs>292</BitOffs>
            </Variable>
            <Variable>
               <Name>CIB SR Safety Module (SION-CIB-SR).FSoE Rsp.SOUTD_ERR_13</Name>
               <DataType>BOOL</DataType>
               <BitSize>1</BitSize>
               <BitOffs>293</BitOffs>
            </Variable>
            <Variable>
               <Name>CIB SR Safety Module (SION-CIB-SR).FSoE Rsp.SOUTD_ERR_14</Name>
               <DataType>BOOL</DataType>
               <BitSize>1</BitSize>
               <BitOffs>294</BitOffs>
            </Variable>
            <Variable>
               <Name>CIB SR Safety Module (SION-CIB-SR).FSoE Rsp.SOUTD_ERR_15</Name>
               <DataType>BOOL</DataType>
               <BitSize>1</BitSize>
               <BitOffs>295</BitOffs>
            </Variable>
            <Variable>
               <Name>CIB SR Safety Module (SION-CIB-SR).FSoE Rsp.CRC1</Name>
               <DataType>UINT</DataType>
               <BitSize>16</BitSize>
               <BitOffs>296</BitOffs>
            </Variable>
            <Variable>
               <Name>CIB SR Safety Module (SION-CIB-SR).FSoE Rsp.SIND_ERR_0</Name>
               <DataType>BOOL</DataType>
               <BitSize>1</BitSize>
               <BitOffs>312</BitOffs>
            </Variable>
            <Variable>
               <Name>CIB SR Safety Module (SION-CIB-SR).FSoE Rsp.SIND_ERR_1</Name>
               <DataType>BOOL</DataType>
               <BitSize>1</BitSize>
               <BitOffs>313</BitOffs>
            </Variable>
            <Variable>
               <Name>CIB SR Safety Module (SION-CIB-SR).FSoE Rsp.SIND_ERR_2</Name>
               <DataType>BOOL</DataType>
               <BitSize>1</BitSize>
               <BitOffs>314</BitOffs>
            </Variable>
            <Variable>
               <Name>CIB SR Safety Module (SION-CIB-SR).FSoE Rsp.SIND_ERR_3</Name>
               <DataType>BOOL</DataType>
               <BitSize>1</BitSize>
               <BitOffs>315</BitOffs>
            </Variable>
            <Variable>
               <Name>CIB SR Safety Module (SION-CIB-SR).FSoE Rsp.SIND_ERR_4</Name>
               <DataType>BOOL</DataType>
               <BitSize>1</BitSize>
               <BitOffs>316</BitOffs>
            </Variable>
            <Variable>
               <Name>CIB SR Safety Module (SION-CIB-SR).FSoE Rsp.SIND_ERR_5</Name>
               <DataType>BOOL</DataType>
               <BitSize>1</BitSize>
               <BitOffs>317</BitOffs>
            </Variable>
            <Variable>
               <Name>CIB SR Safety Module (SION-CIB-SR).FSoE Rsp.SIND_ERR_6</Name>
               <DataType>BOOL</DataType>
               <BitSize>1</BitSize>
               <BitOffs>318</BitOffs>
            </Variable>
            <Variable>
               <Name>CIB SR Safety Module (SION-CIB-SR).FSoE Rsp.SIND_ERR_7</Name>
               <DataType>BOOL</DataType>
               <BitSize>1</BitSize>
               <BitOffs>319</BitOffs>
            </Variable>
            <Variable>
               <Name>CIB SR Safety Module (SION-CIB-SR).FSoE Rsp.SIND_ERR_8</Name>
               <DataType>BOOL</DataType>
               <BitSize>1</BitSize>
               <BitOffs>320</BitOffs>
            </Variable>
            <Variable>
               <Name>CIB SR Safety Module (SION-CIB-SR).FSoE Rsp.SIND_ERR_9</Name>
               <DataType>BOOL</DataType>
               <BitSize>1</BitSize>
               <BitOffs>321</BitOffs>
            </Variable>
            <Variable>
               <Name>CIB SR Safety Module (SION-CIB-SR).FSoE Rsp.SIND_ERR_10</Name>
               <DataType>BOOL</DataType>
               <BitSize>1</BitSize>
               <BitOffs>322</BitOffs>
            </Variable>
            <Variable>
               <Name>CIB SR Safety Module (SION-CIB-SR).FSoE Rsp.SIND_ERR_11</Name>
               <DataType>BOOL</DataType>
               <BitSize>1</BitSize>
               <BitOffs>323</BitOffs>
            </Variable>
            <Variable>
               <Name>CIB SR Safety Module (SION-CIB-SR).FSoE Rsp.SIND_ERR_12</Name>
               <DataType>BOOL</DataType>
               <BitSize>1</BitSize>
               <BitOffs>324</BitOffs>
            </Variable>
            <Variable>
               <Name>CIB SR Safety Module (SION-CIB-SR).FSoE Rsp.SIND_ERR_13</Name>
               <DataType>BOOL</DataType>
               <BitSize>1</BitSize>
               <BitOffs>325</BitOffs>
            </Variable>
            <Variable>
               <Name>CIB SR Safety Module (SION-CIB-SR).FSoE Rsp.SIND_ERR_14</Name>
               <DataType>BOOL</DataType>
               <BitSize>1</BitSize>
               <BitOffs>326</BitOffs>
            </Variable>
            <Variable>
               <Name>CIB SR Safety Module (SION-CIB-SR).FSoE Rsp.SIND_ERR_15</Name>
               <DataType>BOOL</DataType>
               <BitSize>1</BitSize>
               <BitOffs>327</BitOffs>
            </Variable>
            <Variable>
               <Name>CIB SR Safety Module (SION-CIB-SR).FSoE Rsp.CRC2</Name>
               <DataType>UINT</DataType>
               <BitSize>16</BitSize>
               <BitOffs>328</BitOffs>
            </Variable>
            <Variable>
               <Name>CIB SR Safety Module (SION-CIB-SR).FSoE Rsp.CONNECTION_ID</Name>
               <DataType>UINT</DataType>
               <BitSize>16</BitSize>
               <BitOffs>344</BitOffs>
            </Variable>
         </Inputs>
         <Outputs>
            <ByteSize>1536</ByteSize>
            <Variable>
               <Name>CIB SR Safety Module (SION-CIB-SR).FSoE Cmd.FSOE_CMD</Name>
               <DataType>USINT</DataType>
               <BitSize>8</BitSize>
               <BitOffs>240</BitOffs>
            </Variable>
            <Variable>
               <Name>CIB SR Safety Module (SION-CIB-SR).FSoE Cmd.SOUTD_0</Name>
               <DataType>BOOL</DataType>
               <BitSize>1</BitSize>
               <BitOffs>248</BitOffs>
            </Variable>
            <Variable>
               <Name>CIB SR Safety Module (SION-CIB-SR).FSoE Cmd.SOUTD_1</Name>
               <DataType>BOOL</DataType>
               <BitSize>1</BitSize>
               <BitOffs>249</BitOffs>
            </Variable>
            <Variable>
               <Name>CIB SR Safety Module (SION-CIB-SR).FSoE Cmd.SOUTD_2</Name>
               <DataType>BOOL</DataType>
               <BitSize>1</BitSize>
               <BitOffs>250</BitOffs>
            </Variable>
            <Variable>
               <Name>CIB SR Safety Module (SION-CIB-SR).FSoE Cmd.SOUTD_3</Name>
               <DataType>BOOL</DataType>
               <BitSize>1</BitSize>
               <BitOffs>251</BitOffs>
            </Variable>
            <Variable>
               <Name>CIB SR Safety Module (SION-CIB-SR).FSoE Cmd.SOUTD_4</Name>
               <DataType>BOOL</DataType>
               <BitSize>1</BitSize>
               <BitOffs>252</BitOffs>
            </Variable>
            <Variable>
               <Name>CIB SR Safety Module (SION-CIB-SR).FSoE Cmd.SOUTD_5</Name>
               <DataType>BOOL</DataType>
               <BitSize>1</BitSize>
               <BitOffs>253</BitOffs>
            </Variable>
            <Variable>
               <Name>CIB SR Safety Module (SION-CIB-SR).FSoE Cmd.SOUTD_6</Name>
               <DataType>BOOL</DataType>
               <BitSize>1</BitSize>
               <BitOffs>254</BitOffs>
            </Variable>
            <Variable>
               <Name>CIB SR Safety Module (SION-CIB-SR).FSoE Cmd.SOUTD_7</Name>
               <DataType>BOOL</DataType>
               <BitSize>1</BitSize>
               <BitOffs>255</BitOffs>
            </Variable>
            <Variable>
               <Name>CIB SR Safety Module (SION-CIB-SR).FSoE Cmd.SOUTD_8</Name>
               <DataType>BOOL</DataType>
               <BitSize>1</BitSize>
               <BitOffs>256</BitOffs>
            </Variable>
            <Variable>
               <Name>CIB SR Safety Module (SION-CIB-SR).FSoE Cmd.SOUTD_9</Name>
               <DataType>BOOL</DataType>
               <BitSize>1</BitSize>
               <BitOffs>257</BitOffs>
            </Variable>
            <Variable>
               <Name>CIB SR Safety Module (SION-CIB-SR).FSoE Cmd.SOUTD_10</Name>
               <DataType>BOOL</DataType>
               <BitSize>1</BitSize>
               <BitOffs>258</BitOffs>
            </Variable>
            <Variable>
               <Name>CIB SR Safety Module (SION-CIB-SR).FSoE Cmd.SOUTD_11</Name>
               <DataType>BOOL</DataType>
               <BitSize>1</BitSize>
               <BitOffs>259</BitOffs>
            </Variable>
            <Variable>
               <Name>CIB SR Safety Module (SION-CIB-SR).FSoE Cmd.SOUTD_12</Name>
               <DataType>BOOL</DataType>
               <BitSize>1</BitSize>
               <BitOffs>260</BitOffs>
            </Variable>
            <Variable>
               <Name>CIB SR Safety Module (SION-CIB-SR).FSoE Cmd.SOUTD_13</Name>
               <DataType>BOOL</DataType>
               <BitSize>1</BitSize>
               <BitOffs>261</BitOffs>
            </Variable>
            <Variable>
               <Name>CIB SR Safety Module (SION-CIB-SR).FSoE Cmd.SOUTD_14</Name>
               <DataType>BOOL</DataType>
               <BitSize>1</BitSize>
               <BitOffs>262</BitOffs>
            </Variable>
            <Variable>
               <Name>CIB SR Safety Module (SION-CIB-SR).FSoE Cmd.SOUTD_15</Name>
               <DataType>BOOL</DataType>
               <BitSize>1</BitSize>
               <BitOffs>263</BitOffs>
            </Variable>
            <Variable>
               <Name>CIB SR Safety Module (SION-CIB-SR).FSoE Cmd.CRC0</Name>
               <DataType>UINT</DataType>
               <BitSize>16</BitSize>
               <BitOffs>264</BitOffs>
            </Variable>
            <Variable>
               <Name>CIB SR Safety Module (SION-CIB-SR).FSoE Cmd.SOUTD_ERR_ACK_0</Name>
               <DataType>BOOL</DataType>
               <BitSize>1</BitSize>
               <BitOffs>280</BitOffs>
            </Variable>
            <Variable>
               <Name>CIB SR Safety Module (SION-CIB-SR).FSoE Cmd.SOUTD_ERR_ACK_1</Name>
               <DataType>BOOL</DataType>
               <BitSize>1</BitSize>
               <BitOffs>281</BitOffs>
            </Variable>
            <Variable>
               <Name>CIB SR Safety Module (SION-CIB-SR).FSoE Cmd.SOUTD_ERR_ACK_2</Name>
               <DataType>BOOL</DataType>
               <BitSize>1</BitSize>
               <BitOffs>282</BitOffs>
            </Variable>
            <Variable>
               <Name>CIB SR Safety Module (SION-CIB-SR).FSoE Cmd.SOUTD_ERR_ACK_3</Name>
               <DataType>BOOL</DataType>
               <BitSize>1</BitSize>
               <BitOffs>283</BitOffs>
            </Variable>
            <Variable>
               <Name>CIB SR Safety Module (SION-CIB-SR).FSoE Cmd.SOUTD_ERR_ACK_4</Name>
               <DataType>BOOL</DataType>
               <BitSize>1</BitSize>
               <BitOffs>284</BitOffs>
            </Variable>
            <Variable>
               <Name>CIB SR Safety Module (SION-CIB-SR).FSoE Cmd.SOUTD_ERR_ACK_5</Name>
               <DataType>BOOL</DataType>
               <BitSize>1</BitSize>
               <BitOffs>285</BitOffs>
            </Variable>
            <Variable>
               <Name>CIB SR Safety Module (SION-CIB-SR).FSoE Cmd.SOUTD_ERR_ACK_6</Name>
               <DataType>BOOL</DataType>
               <BitSize>1</BitSize>
               <BitOffs>286</BitOffs>
            </Variable>
            <Variable>
               <Name>CIB SR Safety Module (SION-CIB-SR).FSoE Cmd.SOUTD_ERR_ACK_7</Name>
               <DataType>BOOL</DataType>
               <BitSize>1</BitSize>
               <BitOffs>287</BitOffs>
            </Variable>
            <Variable>
               <Name>CIB SR Safety Module (SION-CIB-SR).FSoE Cmd.SOUTD_ERR_ACK_8</Name>
               <DataType>BOOL</DataType>
               <BitSize>1</BitSize>
               <BitOffs>288</BitOffs>
            </Variable>
            <Variable>
               <Name>CIB SR Safety Module (SION-CIB-SR).FSoE Cmd.SOUTD_ERR_ACK_9</Name>
               <DataType>BOOL</DataType>
               <BitSize>1</BitSize>
               <BitOffs>289</BitOffs>
            </Variable>
            <Variable>
               <Name>CIB SR Safety Module (SION-CIB-SR).FSoE Cmd.SOUTD_ERR_ACK_10</Name>
               <DataType>BOOL</DataType>
               <BitSize>1</BitSize>
               <BitOffs>290</BitOffs>
            </Variable>
            <Variable>
               <Name>CIB SR Safety Module (SION-CIB-SR).FSoE Cmd.SOUTD_ERR_ACK_11</Name>
               <DataType>BOOL</DataType>
               <BitSize>1</BitSize>
               <BitOffs>291</BitOffs>
            </Variable>
            <Variable>
               <Name>CIB SR Safety Module (SION-CIB-SR).FSoE Cmd.SOUTD_ERR_ACK_12</Name>
               <DataType>BOOL</DataType>
               <BitSize>1</BitSize>
               <BitOffs>292</BitOffs>
            </Variable>
            <Variable>
               <Name>CIB SR Safety Module (SION-CIB-SR).FSoE Cmd.SOUTD_ERR_ACK_13</Name>
               <DataType>BOOL</DataType>
               <BitSize>1</BitSize>
               <BitOffs>293</BitOffs>
            </Variable>
            <Variable>
               <Name>CIB SR Safety Module (SION-CIB-SR).FSoE Cmd.SOUTD_ERR_ACK_14</Name>
               <DataType>BOOL</DataType>
               <BitSize>1</BitSize>
               <BitOffs>294</BitOffs>
            </Variable>
            <Variable>
               <Name>CIB SR Safety Module (SION-CIB-SR).FSoE Cmd.SOUTD_ERR_ACK_15</Name>
               <DataType>BOOL</DataType>
               <BitSize>1</BitSize>
               <BitOffs>295</BitOffs>
            </Variable>
            <Variable>
               <Name>CIB SR Safety Module (SION-CIB-SR).FSoE Cmd.CRC1</Name>
               <DataType>UINT</DataType>
               <BitSize>16</BitSize>
               <BitOffs>296</BitOffs>
            </Variable>
            <Variable>
               <Name>CIB SR Safety Module (SION-CIB-SR).FSoE Cmd.SIND_ERR_ACK_0</Name>
               <DataType>BOOL</DataType>
               <BitSize>1</BitSize>
               <BitOffs>312</BitOffs>
            </Variable>
            <Variable>
               <Name>CIB SR Safety Module (SION-CIB-SR).FSoE Cmd.SIND_ERR_ACK_1</Name>
               <DataType>BOOL</DataType>
               <BitSize>1</BitSize>
               <BitOffs>313</BitOffs>
            </Variable>
            <Variable>
               <Name>CIB SR Safety Module (SION-CIB-SR).FSoE Cmd.SIND_ERR_ACK_2</Name>
               <DataType>BOOL</DataType>
               <BitSize>1</BitSize>
               <BitOffs>314</BitOffs>
            </Variable>
            <Variable>
               <Name>CIB SR Safety Module (SION-CIB-SR).FSoE Cmd.SIND_ERR_ACK_3</Name>
               <DataType>BOOL</DataType>
               <BitSize>1</BitSize>
               <BitOffs>315</BitOffs>
            </Variable>
            <Variable>
               <Name>CIB SR Safety Module (SION-CIB-SR).FSoE Cmd.SIND_ERR_ACK_4</Name>
               <DataType>BOOL</DataType>
               <BitSize>1</BitSize>
               <BitOffs>316</BitOffs>
            </Variable>
            <Variable>
               <Name>CIB SR Safety Module (SION-CIB-SR).FSoE Cmd.SIND_ERR_ACK_5</Name>
               <DataType>BOOL</DataType>
               <BitSize>1</BitSize>
               <BitOffs>317</BitOffs>
            </Variable>
            <Variable>
               <Name>CIB SR Safety Module (SION-CIB-SR).FSoE Cmd.SIND_ERR_ACK_6</Name>
               <DataType>BOOL</DataType>
               <BitSize>1</BitSize>
               <BitOffs>318</BitOffs>
            </Variable>
            <Variable>
               <Name>CIB SR Safety Module (SION-CIB-SR).FSoE Cmd.SIND_ERR_ACK_7</Name>
               <DataType>BOOL</DataType>
               <BitSize>1</BitSize>
               <BitOffs>319</BitOffs>
            </Variable>
            <Variable>
               <Name>CIB SR Safety Module (SION-CIB-SR).FSoE Cmd.SIND_ERR_ACK_8</Name>
               <DataType>BOOL</DataType>
               <BitSize>1</BitSize>
               <BitOffs>320</BitOffs>
            </Variable>
            <Variable>
               <Name>CIB SR Safety Module (SION-CIB-SR).FSoE Cmd.SIND_ERR_ACK_9</Name>
               <DataType>BOOL</DataType>
               <BitSize>1</BitSize>
               <BitOffs>321</BitOffs>
            </Variable>
            <Variable>
               <Name>CIB SR Safety Module (SION-CIB-SR).FSoE Cmd.SIND_ERR_ACK_10</Name>
               <DataType>BOOL</DataType>
               <BitSize>1</BitSize>
               <BitOffs>322</BitOffs>
            </Variable>
            <Variable>
               <Name>CIB SR Safety Module (SION-CIB-SR).FSoE Cmd.SIND_ERR_ACK_11</Name>
               <DataType>BOOL</DataType>
               <BitSize>1</BitSize>
               <BitOffs>323</BitOffs>
            </Variable>
            <Variable>
               <Name>CIB SR Safety Module (SION-CIB-SR).FSoE Cmd.SIND_ERR_ACK_12</Name>
               <DataType>BOOL</DataType>
               <BitSize>1</BitSize>
               <BitOffs>324</BitOffs>
            </Variable>
            <Variable>
               <Name>CIB SR Safety Module (SION-CIB-SR).FSoE Cmd.SIND_ERR_ACK_13</Name>
               <DataType>BOOL</DataType>
               <BitSize>1</BitSize>
               <BitOffs>325</BitOffs>
            </Variable>
            <Variable>
               <Name>CIB SR Safety Module (SION-CIB-SR).FSoE Cmd.SIND_ERR_ACK_14</Name>
               <DataType>BOOL</DataType>
               <BitSize>1</BitSize>
               <BitOffs>326</BitOffs>
            </Variable>
            <Variable>
               <Name>CIB SR Safety Module (SION-CIB-SR).FSoE Cmd.SIND_ERR_ACK_15</Name>
               <DataType>BOOL</DataType>
               <BitSize>1</BitSize>
               <BitOffs>327</BitOffs>
            </Variable>
            <Variable>
               <Name>CIB SR Safety Module (SION-CIB-SR).FSoE Cmd.CRC2</Name>
               <DataType>UINT</DataType>
               <BitSize>16</BitSize>
               <BitOffs>328</BitOffs>
            </Variable>
            <Variable>
               <Name>CIB SR Safety Module (SION-CIB-SR).FSoE Cmd.CONNECTION_ID</Name>
               <DataType>UINT</DataType>
               <BitSize>16</BitSize>
               <BitOffs>344</BitOffs>
            </Variable>
         </Outputs>
      </ProcessImage>
   </Config>
</EtherCATConfig>