﻿<?xml version="1.0" encoding="utf-8"?>
<KagaConfig xmlns:xsi="http://www.w3.org/2001/XMLSchema-instance" xsi:noNamespaceSchemaLocation="/Roboter/Config/System/Common/Schemes/KagaConfig.xsd">
  <Version Label="">
    <Info Version="KUKA V8.3" />
    <Schema Version="300" />
  </Version>
  <BusConfig isActive="true" Id="NETWORK_CONFIG_KUKA_LINE_INTERFACE">
    <PhysicalNetworkDevice Priority="12" HibernateSupport="true" LinkSettings="Autonegotiation">
      <IfConfig Name="gei" Unit="1" IpConfigType="noIp" Ip="none" Netmask="none" />
      <VirtualNetworkDevice>
        <IfConfig Name="KLI" Unit="5" IpConfigType="IpnetStatic" Ip="172.31.1.147" Netmask="ffff0000" />
        <Queue Priority="60" Resources="100">
          <Filter String="Filter0" />
          <Filter String="Filter1" />
          <Filter String="EthernetIP" />
        </Queue>
        <Queue Priority="255" Resources="100">
          <Filter String="AcceptAll" />
        </Queue>
      </VirtualNetworkDevice>
      <VirtualNetworkDevice>
        <IfConfig Name="RSI" Unit="6" IpConfigType="LwipAndIpnetStatic" Ip="10.100.1.1" Netmask="ffffff00" />
        <Queue Priority="141">
          <Filter String="UDP" />
        </Queue>
        <Queue Priority="255">
          <Filter String="Ip" />
        </Queue>
      </VirtualNetworkDevice>
    </PhysicalNetworkDevice>
  </BusConfig>
  <NAT GlobalInterface="virtual5">
    <NATRule>map [GlobalNatInterface] [host:WINDOWS] -&gt; 0/32 portmap tcp/udp 18000:18999</NATRule>
    <NATRule>map [GlobalNatInterface] [host:WINDOWS] -&gt; 0/32 icmpidmap icmp 19000:19999</NATRule>
    <NATRule>rdr [GlobalNatInterface] [addr] port 3389 -&gt; [host:WINDOWS] port 3389 tcp proxy RemoteIP</NATRule>
    <NATRule>rdr [GlobalNatInterface] [addr] port 139 -&gt; [host:WINDOWS] port 139 tcp/udp</NATRule>
    <NATRule>rdr [GlobalNatInterface] [addr] port 445 -&gt; [host:WINDOWS] port 445 tcp/udp</NATRule>
    <NATRule>rdr [GlobalNatInterface] [addr] port 49001 -&gt; [host:WINDOWS] port 49001 tcp</NATRule>
    <NATRule>rdr [GlobalNatInterface] [addr] port 49002 -&gt; [host:WINDOWS] port 49002 tcp</NATRule>
    <NATRule>rdr [GlobalNatInterface] [addr] port 49003 -&gt; [host:WINDOWS] port 49003 tcp</NATRule>
    <NATRule>rdr [GlobalNatInterface] [addr] port 49004 -&gt; [host:WINDOWS] port 49004 tcp</NATRule>
    <NATRule>rdr [GlobalNatInterface] [addr] port 49006 -&gt; [host:WINDOWS] port 49006 tcp</NATRule>
    <NATRule>rdr [GlobalNatInterface] [addr] port 49010 -&gt; [host:WINDOWS] port 49010 tcp</NATRule>
    <NATRule>rdr [GlobalNatInterface] [addr] port 7000 -&gt; [host:WINDOWS] port 7000 tcp/udp</NATRule>
    <NATRule>rdr [GlobalNatInterface] [addr] port 21 -&gt; [host:WINDOWS] port 21 tcp/udp</NATRule>
    <StandardGateway Ip="172.31.1.100" />
  </NAT>
  <UserFilter Id="Filter0" Type="pkt" Attribute="8100" />
  <UserFilter Id="Filter1" Type="pkt" Attribute="8892" />
  <UserFilter Id="Filter6" Type="ipProto" Attribute="10.100.1.1,ffffff00,11" />
</KagaConfig>