﻿<?xml version="1.0" encoding="utf-8"?>
<!--XML file automatically generated by WorkVisual V6.0.5_Build0492.-->
<!--DO NOT EDIT-->
<Application kukaVersion="1.0.1" xsi:noNamespaceSchemaLocation="/Roboter/Config/System/Common/Schemes/KRC_IO.xsd" xmlns:xsi="http://www.w3.org/2001/XMLSchema-instance">
  <Version Label="">
    <Info Version="" />
    <Schema Version="100" />
  </Version>
  <ProcessData>
    <Segment drvName="ECatIODriver" busInstanceName="SYS-X44" byteOffset="40" byteSize="2" segmentID="0" />
    <Segment drvName="ECatIODriver" busInstanceName="ECAT-CTRLBUS" byteOffset="114" byteSize="1" segmentID="1" />
    <Segment drvName="ECatIODriver" busInstanceName="SYS-X44" byteOffset="1572" byteSize="2" segmentID="2" />
    <Segment drvName="ECatIODriver" busInstanceName="ECAT-CTRLBUS" byteOffset="1660" byteSize="1" segmentID="3" />
  </ProcessData>
  <Mapping>
    <Output>
      <Digital>
        <Out krcStartIndex="1" segmentID="2">
          <Start segmentByteOffset="0" segmentBitOffset="0" />
          <End segmentByteOffset="1" segmentBitOffset="7" />
        </Out>
        <Out krcStartIndex="101" segmentID="3">
          <Start segmentByteOffset="0" segmentBitOffset="0" />
          <End segmentByteOffset="0" segmentBitOffset="7" />
        </Out>
      </Digital>
      <Analog />
    </Output>
    <Input>
      <Digital>
        <In krcStartIndex="1" segmentID="0">
          <Start segmentByteOffset="0" segmentBitOffset="0" />
          <End segmentByteOffset="1" segmentBitOffset="7" />
        </In>
        <In krcStartIndex="101" segmentID="1">
          <Start segmentByteOffset="0" segmentBitOffset="0" />
          <End segmentByteOffset="0" segmentBitOffset="5" />
        </In>
      </Digital>
      <Analog />
    </Input>
    <IOLinking />
  </Mapping>
  <Options>
    <DataIntegrity value="true" />
    <NrOfInOut value="4096" />
    <Stream />
  </Options>
</Application>