﻿<?xml version="1.0" encoding="utf-8"?>
<!--XML file automatically generated by WorkVisual V6.0.5_Build0492.-->
<!--DO NOT EDIT-->
<KrcIoSignals>
  <Signal type="$IN" krcStartIndex="1" bitWidth="1" class="MASTER" iecType="BOOL" permitOverride="true" />
  <Signal type="$IN" krcStartIndex="2" bitWidth="1" class="MASTER" iecType="BOOL" permitOverride="true" />
  <Signal type="$IN" krcStartIndex="3" bitWidth="1" class="MASTER" iecType="BOOL" permitOverride="true" />
  <Signal type="$IN" krcStartIndex="4" bitWidth="1" class="MASTER" iecType="BOOL" permitOverride="true" />
  <Signal type="$IN" krcStartIndex="5" bitWidth="1" class="MASTER" iecType="BOOL" permitOverride="true" />
  <Signal type="$IN" krcStartIndex="6" bitWidth="1" class="MASTER" iecType="BOOL" permitOverride="true" />
  <Signal type="$IN" krcStartIndex="7" bitWidth="1" class="MASTER" iecType="BOOL" permitOverride="true" />
  <Signal type="$IN" krcStartIndex="8" bitWidth="1" class="MASTER" iecType="BOOL" permitOverride="true" />
  <Signal type="$IN" krcStartIndex="9" bitWidth="1" class="MASTER" iecType="BOOL" permitOverride="true" />
  <Signal type="$IN" krcStartIndex="10" bitWidth="1" class="MASTER" iecType="BOOL" permitOverride="true" />
  <Signal type="$IN" krcStartIndex="11" bitWidth="1" class="MASTER" iecType="BOOL" permitOverride="true" />
  <Signal type="$IN" krcStartIndex="12" bitWidth="1" class="MASTER" iecType="BOOL" permitOverride="true" />
  <Signal type="$IN" krcStartIndex="13" bitWidth="1" class="MASTER" iecType="BOOL" permitOverride="true" />
  <Signal type="$IN" krcStartIndex="14" bitWidth="1" class="MASTER" iecType="BOOL" permitOverride="true" />
  <Signal type="$IN" krcStartIndex="15" bitWidth="1" class="MASTER" iecType="BOOL" permitOverride="true" />
  <Signal type="$IN" krcStartIndex="16" bitWidth="1" class="MASTER" iecType="BOOL" permitOverride="true" />
  <Signal type="$IN" krcStartIndex="101" bitWidth="1" class="MASTER" iecType="BOOL" permitOverride="true" />
  <Signal type="$IN" krcStartIndex="102" bitWidth="1" class="MASTER" iecType="BOOL" permitOverride="true" />
  <Signal type="$IN" krcStartIndex="103" bitWidth="1" class="MASTER" iecType="BOOL" permitOverride="true" />
  <Signal type="$IN" krcStartIndex="104" bitWidth="1" class="MASTER" iecType="BOOL" permitOverride="true" />
  <Signal type="$IN" krcStartIndex="105" bitWidth="1" class="MASTER" iecType="BOOL" permitOverride="true" />
  <Signal type="$IN" krcStartIndex="106" bitWidth="1" class="MASTER" iecType="BOOL" permitOverride="true" />
  <Signal type="$OUT" krcStartIndex="1" bitWidth="1" class="MASTER" iecType="BOOL" permitOverride="true" />
  <Signal type="$OUT" krcStartIndex="2" bitWidth="1" class="MASTER" iecType="BOOL" permitOverride="true" />
  <Signal type="$OUT" krcStartIndex="3" bitWidth="1" class="MASTER" iecType="BOOL" permitOverride="true" />
  <Signal type="$OUT" krcStartIndex="4" bitWidth="1" class="MASTER" iecType="BOOL" permitOverride="true" />
  <Signal type="$OUT" krcStartIndex="5" bitWidth="1" class="MASTER" iecType="BOOL" permitOverride="true" />
  <Signal type="$OUT" krcStartIndex="6" bitWidth="1" class="MASTER" iecType="BOOL" permitOverride="true" />
  <Signal type="$OUT" krcStartIndex="7" bitWidth="1" class="MASTER" iecType="BOOL" permitOverride="true" />
  <Signal type="$OUT" krcStartIndex="8" bitWidth="1" class="MASTER" iecType="BOOL" permitOverride="true" />
  <Signal type="$OUT" krcStartIndex="9" bitWidth="1" class="MASTER" iecType="BOOL" permitOverride="true" />
  <Signal type="$OUT" krcStartIndex="10" bitWidth="1" class="MASTER" iecType="BOOL" permitOverride="true" />
  <Signal type="$OUT" krcStartIndex="11" bitWidth="1" class="MASTER" iecType="BOOL" permitOverride="true" />
  <Signal type="$OUT" krcStartIndex="12" bitWidth="1" class="MASTER" iecType="BOOL" permitOverride="true" />
  <Signal type="$OUT" krcStartIndex="13" bitWidth="1" class="MASTER" iecType="BOOL" permitOverride="true" />
  <Signal type="$OUT" krcStartIndex="14" bitWidth="1" class="MASTER" iecType="BOOL" permitOverride="true" />
  <Signal type="$OUT" krcStartIndex="15" bitWidth="1" class="MASTER" iecType="BOOL" permitOverride="true" />
  <Signal type="$OUT" krcStartIndex="16" bitWidth="1" class="MASTER" iecType="BOOL" permitOverride="true" />
  <Signal type="$OUT" krcStartIndex="101" bitWidth="1" class="MASTER" iecType="BOOL" permitOverride="true" />
  <Signal type="$OUT" krcStartIndex="102" bitWidth="1" class="MASTER" iecType="BOOL" permitOverride="true" />
  <Signal type="$OUT" krcStartIndex="103" bitWidth="1" class="MASTER" iecType="BOOL" permitOverride="true" />
  <Signal type="$OUT" krcStartIndex="104" bitWidth="1" class="MASTER" iecType="BOOL" permitOverride="true" />
  <Signal type="$OUT" krcStartIndex="105" bitWidth="1" class="MASTER" iecType="BOOL" permitOverride="true" />
  <Signal type="$OUT" krcStartIndex="106" bitWidth="1" class="MASTER" iecType="BOOL" permitOverride="true" />
  <Signal type="$OUT" krcStartIndex="107" bitWidth="1" class="MASTER" iecType="BOOL" permitOverride="true" />
  <Signal type="$OUT" krcStartIndex="108" bitWidth="1" class="MASTER" iecType="BOOL" permitOverride="true" />
</KrcIoSignals>