<?xml version="1.0" encoding="utf-8"?>
<LogManager xsi:noNamespaceSchemaLocation="/Roboter/Config/System/Common/Schemes/LoggingSpecial.xsd" xmlns:xsi="http://www.w3.org/2001/XMLSchema-instance">
	<Version Label="">
		<Info Version="KUKA V8.3"/>
		<Schema Version="100"/>
	</Version>
	<LoggingOptions isActive="true"/>
	<LogFile Name="ISGNC" Path="Log/System/ISGNC" NbrFiles="10" FileSize="100000" FileFormat="putty" BufferLogs="false"></LogFile>
	<LogRegistry>
	    <LoggingStrategy Strategy="PureClass"/>
		<ContextConfig>
			<DefaultContextConfig ContextLogging="enabled"/>
			<Context Name="tSystem" ContextLogging="disabled"/>
			<Context Name="tSysBoot" ContextLogging="disabled"/>
		</ContextConfig>
		<ClassConfig>
			<DefaultClassConfig LogLevel="basic"/>
			<Class Name="CSystem" LogLevel="basic"/>
            <!-- CNC logging -->
            <Class Name="CISGNC.Axis" LogLevel="warning"/>
            <Class Name="CISGNC.Kernel" LogLevel="warning"/>
            <Class Name="CISGNC.Wrapper" LogLevel="warning"/>
            <Class Name="CISGNC.State" LogLevel="warning"/>
            <!--Class Name="CISGNC.Safety" LogLevel="debug"/-->
            <Class Name="CISGNC.PowerBrake" LogLevel="warning"/>
            <!--Class Name="CISGNC.CyclicInterfaces" LogLevel="debug"/-->
            <!--Class Name="CISGNC.Measure" LogLevel="debug"/-->
            <!-- End of CNC logging -->
		</ClassConfig>
	</LogRegistry>
</LogManager>