<?xml version="1.0"?>
<SafetyConfigData xmlns:xsi="http://www.w3.org/2001/XMLSchema-instance" xmlns:xsd="http://www.w3.org/2001/XMLSchema">
  <AxisRangeNameItems />
  <ChangeLog>
    <Entries>
      <ProtocolEntry>
        <MessageKey>ChangeLog_ConfigurationSaved</MessageKey>
        <MessageParams />
        <Timestamp>2017-08-09T07:10:39.3125+02:00</Timestamp>
      </ProtocolEntry>
      <ProtocolEntry>
        <MessageKey>ChangeLog_HardwareParameterChanged</MessageKey>
        <MessageParams />
        <Timestamp>2017-08-09T07:11:37.828125+02:00</Timestamp>
      </ProtocolEntry>
      <ProtocolEntry>
        <MessageKey>ChangeLog_ReferenceAdjustmentParameterChanged</MessageKey>
        <MessageParams />
        <Timestamp>2017-08-09T07:11:37.921875+02:00</Timestamp>
      </ProtocolEntry>
      <ProtocolEntry>
        <MessageKey>ChangeLog_AxisMonitoringParameterChanged</MessageKey>
        <MessageParams />
        <Timestamp>2017-08-09T07:11:37.921875+02:00</Timestamp>
      </ProtocolEntry>
      <ProtocolEntry>
        <MessageKey>ChangeLog_MachineDataUpdated</MessageKey>
        <MessageParams />
        <Timestamp>2017-08-09T07:11:38.65625+02:00</Timestamp>
      </ProtocolEntry>
      <ProtocolEntry>
        <MessageKey>ChangeLog_ConfigurationSaved</MessageKey>
        <MessageParams />
        <Timestamp>2017-08-09T07:11:38.671875+02:00</Timestamp>
      </ProtocolEntry>
      <ProtocolEntry>
        <MessageKey>ChangeLog_ReferenceAdjustmentParameterChanged</MessageKey>
        <MessageParams />
        <Timestamp>2018-11-26T07:32:21.3747578+01:00</Timestamp>
      </ProtocolEntry>
      <ProtocolEntry>
        <MessageKey>ChangeLog_AxisMonitoringParameterChanged</MessageKey>
        <MessageParams />
        <Timestamp>2018-11-26T07:34:39.3838671+01:00</Timestamp>
      </ProtocolEntry>
      <ProtocolEntry>
        <MessageKey>ChangeLog_ConfigurationSaved</MessageKey>
        <MessageParams />
        <Timestamp>2018-11-26T07:35:19.2831637+01:00</Timestamp>
      </ProtocolEntry>
      <ProtocolEntry>
        <MessageKey>ChangeLog_AxisMonitoringParameterChanged</MessageKey>
        <MessageParams />
        <Timestamp>2018-11-26T08:28:12.6663537+01:00</Timestamp>
      </ProtocolEntry>
      <ProtocolEntry>
        <MessageKey>ChangeLog_ConfigurationSaved</MessageKey>
        <MessageParams />
        <Timestamp>2018-11-26T08:28:36.5751019+01:00</Timestamp>
      </ProtocolEntry>
      <ProtocolEntry>
        <MessageKey>ChangeLog_AxisMonitoringParameterChanged</MessageKey>
        <MessageParams />
        <Timestamp>2018-12-03T09:18:45.171044+01:00</Timestamp>
      </ProtocolEntry>
      <ProtocolEntry>
        <MessageKey>ChangeLog_ConfigurationSaved</MessageKey>
        <MessageParams />
        <Timestamp>2018-12-03T09:19:21.3553577+01:00</Timestamp>
      </ProtocolEntry>
      <ProtocolEntry>
        <MessageKey>ChangeLog_HardwareParameterChanged</MessageKey>
        <MessageParams />
        <Timestamp>2018-12-28T22:06:45.967033+01:00</Timestamp>
      </ProtocolEntry>
      <ProtocolEntry>
        <MessageKey>ChangeLog_ReferenceAdjustmentParameterChanged</MessageKey>
        <MessageParams />
        <Timestamp>2018-12-28T22:06:46.0986777+01:00</Timestamp>
      </ProtocolEntry>
      <ProtocolEntry>
        <MessageKey>ChangeLog_AxisMonitoringParameterChanged</MessageKey>
        <MessageParams />
        <Timestamp>2018-12-28T22:06:46.0986777+01:00</Timestamp>
      </ProtocolEntry>
      <ProtocolEntry>
        <MessageKey>ChangeLog_MachineDataUpdated</MessageKey>
        <MessageParams />
        <Timestamp>2018-12-28T22:06:46.1804582+01:00</Timestamp>
      </ProtocolEntry>
      <ProtocolEntry>
        <MessageKey>ChangeLog_ConfigurationSaved</MessageKey>
        <MessageParams />
        <Timestamp>2018-12-28T22:06:46.2063897+01:00</Timestamp>
      </ProtocolEntry>
      <ProtocolEntry>
        <MessageKey>ChangeLog_AxisMonitoringParameterChanged</MessageKey>
        <MessageParams />
        <Timestamp>2019-03-23T09:06:55.1944354+01:00</Timestamp>
      </ProtocolEntry>
      <ProtocolEntry>
        <MessageKey>ChangeLog_ConfigurationSaved</MessageKey>
        <MessageParams />
        <Timestamp>2019-03-23T09:07:12.3253036+01:00</Timestamp>
      </ProtocolEntry>
      <ProtocolEntry>
        <MessageKey>ChangeLog_ReferenceAdjustmentParameterChanged</MessageKey>
        <MessageParams />
        <Timestamp>2019-12-07T21:47:18.6155928+01:00</Timestamp>
      </ProtocolEntry>
      <ProtocolEntry>
        <MessageKey>ChangeLog_AxisMonitoringParameterChanged</MessageKey>
        <MessageParams />
        <Timestamp>2019-12-07T21:47:18.6155928+01:00</Timestamp>
      </ProtocolEntry>
      <ProtocolEntry>
        <MessageKey>ChangeLog_MachineDataUpdated</MessageKey>
        <MessageParams />
        <Timestamp>2019-12-07T21:47:18.6564963+01:00</Timestamp>
      </ProtocolEntry>
      <ProtocolEntry>
        <MessageKey>ChangeLog_ConfigurationSaved</MessageKey>
        <MessageParams />
        <Timestamp>2019-12-07T21:47:18.6654705+01:00</Timestamp>
      </ProtocolEntry>
    </Entries>
  </ChangeLog>
  <OverwriteEntries>
    <Overwrites />
  </OverwriteEntries>
  <DevDescrRevision>589825</DevDescrRevision>
  <LastModified>2019-12-07T21:47:19.158142+01:00</LastModified>
  <MachineDataLastModified>2019-12-07T21:47:18.6564963+01:00</MachineDataLastModified>
  <ProjectName>-</ProjectName>
  <ToolNameItems />
  <Version>8</Version>
  <WorksheetCrc>3614675894</WorksheetCrc>
  <MonitoringSpaceNameItems />
  <WorkspaceNameItems />
</SafetyConfigData>