<?xml version="1.0" encoding="utf-8"?>
<Configuration xmlns:xsi="http://www.w3.org/2001/XMLSchema-instance" xmlns:xsd="http://www.w3.org/2001/XMLSchema">
  <Gripper Number="1" NumIn="2" NumOut="2" NumStates="2" GrpAct="false" Name="Gripper1" GripperIcon="Def_Gripper_01" PulseTimeInS="0.5" TimeOutInMs="3000">
    <States>
      <State CondFunction="0" CondState="0" CondInput="0" CriticalKey="false" StateIcon="Def_State_1" Name="OPEN" Description="Open" />
      <State CondFunction="0" CondState="0" CondInput="0" CriticalKey="false" StateIcon="Def_State_2" Name="CLOSE" Description="Close" />
    </States>
    <Inputs>
      <Input Number="1026" ValState1="ignore" ValState2="ignore" ValState3="ignore" ValState4="ignore" ValState5="ignore" ValState6="ignore" GhostMode="true" />
      <Input Number="1026" ValState1="ignore" ValState2="ignore" ValState3="ignore" ValState4="ignore" ValState5="ignore" ValState6="ignore" GhostMode="true" />
    </Inputs>
    <Outputs>
      <Output Number="0" IsPulse="false" ValState1="ignore" ValState2="ignore" ValState3="ignore" ValState4="ignore" ValState5="ignore" ValState6="ignore" GhostMode="false" />
      <Output Number="0" IsPulse="false" ValState1="ignore" ValState2="ignore" ValState3="ignore" ValState4="ignore" ValState5="ignore" ValState6="ignore" GhostMode="false" />
    </Outputs>
  </Gripper>
  <Gripper Number="2" NumIn="2" NumOut="2" NumStates="2" GrpAct="false" Name="Gripper2" GripperIcon="Def_Gripper_02" PulseTimeInS="0.5" TimeOutInMs="3000">
    <States>
      <State CondFunction="0" CondState="0" CondInput="0" CriticalKey="false" StateIcon="Def_State_1" Name="OPEN" Description="Open" />
      <State CondFunction="0" CondState="0" CondInput="0" CriticalKey="false" StateIcon="Def_State_2" Name="CLOSE" Description="Close" />
    </States>
    <Inputs>
      <Input Number="1026" ValState1="ignore" ValState2="ignore" ValState3="ignore" ValState4="ignore" ValState5="ignore" ValState6="ignore" GhostMode="true" />
      <Input Number="1026" ValState1="ignore" ValState2="ignore" ValState3="ignore" ValState4="ignore" ValState5="ignore" ValState6="ignore" GhostMode="true" />
    </Inputs>
    <Outputs>
      <Output Number="0" IsPulse="false" ValState1="ignore" ValState2="ignore" ValState3="ignore" ValState4="ignore" ValState5="ignore" ValState6="ignore" GhostMode="false" />
      <Output Number="0" IsPulse="false" ValState1="ignore" ValState2="ignore" ValState3="ignore" ValState4="ignore" ValState5="ignore" ValState6="ignore" GhostMode="false" />
    </Outputs>
  </Gripper>
  <Gripper Number="3" NumIn="2" NumOut="2" NumStates="2" GrpAct="false" Name="Gripper3" GripperIcon="Def_Gripper_03" PulseTimeInS="0.5" TimeOutInMs="3000">
    <States>
      <State CondFunction="0" CondState="0" CondInput="0" CriticalKey="false" StateIcon="Def_State_1" Name="OPEN" Description="Open" />
      <State CondFunction="0" CondState="0" CondInput="0" CriticalKey="false" StateIcon="Def_State_2" Name="CLOSE" Description="Close" />
    </States>
    <Inputs>
      <Input Number="1026" ValState1="ignore" ValState2="ignore" ValState3="ignore" ValState4="ignore" ValState5="ignore" ValState6="ignore" GhostMode="true" />
      <Input Number="1026" ValState1="ignore" ValState2="ignore" ValState3="ignore" ValState4="ignore" ValState5="ignore" ValState6="ignore" GhostMode="true" />
    </Inputs>
    <Outputs>
      <Output Number="0" IsPulse="false" ValState1="ignore" ValState2="ignore" ValState3="ignore" ValState4="ignore" ValState5="ignore" ValState6="ignore" GhostMode="false" />
      <Output Number="0" IsPulse="false" ValState1="ignore" ValState2="ignore" ValState3="ignore" ValState4="ignore" ValState5="ignore" ValState6="ignore" GhostMode="false" />
    </Outputs>
  </Gripper>
  <Gripper Number="4" NumIn="2" NumOut="2" NumStates="2" GrpAct="false" Name="Gripper4" GripperIcon="Def_Gripper_04" PulseTimeInS="0.5" TimeOutInMs="3000">
    <States>
      <State CondFunction="0" CondState="0" CondInput="0" CriticalKey="false" StateIcon="Def_State_1" Name="OPEN" Description="Open" />
      <State CondFunction="0" CondState="0" CondInput="0" CriticalKey="false" StateIcon="Def_State_2" Name="CLOSE" Description="Close" />
    </States>
    <Inputs>
      <Input Number="1026" ValState1="ignore" ValState2="ignore" ValState3="ignore" ValState4="ignore" ValState5="ignore" ValState6="ignore" GhostMode="true" />
      <Input Number="1026" ValState1="ignore" ValState2="ignore" ValState3="ignore" ValState4="ignore" ValState5="ignore" ValState6="ignore" GhostMode="true" />
    </Inputs>
    <Outputs>
      <Output Number="0" IsPulse="false" ValState1="ignore" ValState2="ignore" ValState3="ignore" ValState4="ignore" ValState5="ignore" ValState6="ignore" GhostMode="false" />
      <Output Number="0" IsPulse="false" ValState1="ignore" ValState2="ignore" ValState3="ignore" ValState4="ignore" ValState5="ignore" ValState6="ignore" GhostMode="false" />
    </Outputs>
  </Gripper>
  <Gripper Number="5" NumIn="2" NumOut="2" NumStates="2" GrpAct="false" Name="Gripper5" GripperIcon="Def_Gripper_05" PulseTimeInS="0.5" TimeOutInMs="3000">
    <States>
      <State CondFunction="0" CondState="0" CondInput="0" CriticalKey="false" StateIcon="Def_State_1" Name="OPEN" Description="Open" />
      <State CondFunction="0" CondState="0" CondInput="0" CriticalKey="false" StateIcon="Def_State_2" Name="CLOSE" Description="Close" />
    </States>
    <Inputs>
      <Input Number="1026" ValState1="ignore" ValState2="ignore" ValState3="ignore" ValState4="ignore" ValState5="ignore" ValState6="ignore" GhostMode="true" />
      <Input Number="1026" ValState1="ignore" ValState2="ignore" ValState3="ignore" ValState4="ignore" ValState5="ignore" ValState6="ignore" GhostMode="true" />
    </Inputs>
    <Outputs>
      <Output Number="0" IsPulse="false" ValState1="ignore" ValState2="ignore" ValState3="ignore" ValState4="ignore" ValState5="ignore" ValState6="ignore" GhostMode="false" />
      <Output Number="0" IsPulse="false" ValState1="ignore" ValState2="ignore" ValState3="ignore" ValState4="ignore" ValState5="ignore" ValState6="ignore" GhostMode="false" />
    </Outputs>
  </Gripper>
  <Gripper Number="6" NumIn="2" NumOut="2" NumStates="2" GrpAct="false" Name="Gripper6" GripperIcon="Def_Gripper_06" PulseTimeInS="0.5" TimeOutInMs="3000">
    <States>
      <State CondFunction="0" CondState="0" CondInput="0" CriticalKey="false" StateIcon="Def_State_1" Name="OPEN" Description="Open" />
      <State CondFunction="0" CondState="0" CondInput="0" CriticalKey="false" StateIcon="Def_State_2" Name="CLOSE" Description="Close" />
    </States>
    <Inputs>
      <Input Number="1026" ValState1="ignore" ValState2="ignore" ValState3="ignore" ValState4="ignore" ValState5="ignore" ValState6="ignore" GhostMode="true" />
      <Input Number="1026" ValState1="ignore" ValState2="ignore" ValState3="ignore" ValState4="ignore" ValState5="ignore" ValState6="ignore" GhostMode="true" />
    </Inputs>
    <Outputs>
      <Output Number="0" IsPulse="false" ValState1="ignore" ValState2="ignore" ValState3="ignore" ValState4="ignore" ValState5="ignore" ValState6="ignore" GhostMode="false" />
      <Output Number="0" IsPulse="false" ValState1="ignore" ValState2="ignore" ValState3="ignore" ValState4="ignore" ValState5="ignore" ValState6="ignore" GhostMode="false" />
    </Outputs>
  </Gripper>
  <Gripper Number="7" NumIn="2" NumOut="2" NumStates="2" GrpAct="false" Name="Gripper7" GripperIcon="Def_Gripper_07" PulseTimeInS="0.5" TimeOutInMs="3000">
    <States>
      <State CondFunction="0" CondState="0" CondInput="0" CriticalKey="false" StateIcon="Def_State_1" Name="OPEN" Description="Open" />
      <State CondFunction="0" CondState="0" CondInput="0" CriticalKey="false" StateIcon="Def_State_2" Name="CLOSE" Description="Close" />
    </States>
    <Inputs>
      <Input Number="1026" ValState1="ignore" ValState2="ignore" ValState3="ignore" ValState4="ignore" ValState5="ignore" ValState6="ignore" GhostMode="true" />
      <Input Number="1026" ValState1="ignore" ValState2="ignore" ValState3="ignore" ValState4="ignore" ValState5="ignore" ValState6="ignore" GhostMode="true" />
    </Inputs>
    <Outputs>
      <Output Number="0" IsPulse="false" ValState1="ignore" ValState2="ignore" ValState3="ignore" ValState4="ignore" ValState5="ignore" ValState6="ignore" GhostMode="false" />
      <Output Number="0" IsPulse="false" ValState1="ignore" ValState2="ignore" ValState3="ignore" ValState4="ignore" ValState5="ignore" ValState6="ignore" GhostMode="false" />
    </Outputs>
  </Gripper>
  <Gripper Number="8" NumIn="2" NumOut="2" NumStates="2" GrpAct="false" Name="Gripper7" GripperIcon="Def_Gripper_08" PulseTimeInS="0.5" TimeOutInMs="3000">
    <States>
      <State CondFunction="0" CondState="0" CondInput="0" CriticalKey="false" StateIcon="Def_State_1" Name="OPEN" Description="Open" />
      <State CondFunction="0" CondState="0" CondInput="0" CriticalKey="false" StateIcon="Def_State_2" Name="CLOSE" Description="Close" />
    </States>
    <Inputs>
      <Input Number="1026" ValState1="ignore" ValState2="ignore" ValState3="ignore" ValState4="ignore" ValState5="ignore" ValState6="ignore" GhostMode="true" />
      <Input Number="1026" ValState1="ignore" ValState2="ignore" ValState3="ignore" ValState4="ignore" ValState5="ignore" ValState6="ignore" GhostMode="true" />
    </Inputs>
    <Outputs>
      <Output Number="0" IsPulse="false" ValState1="ignore" ValState2="ignore" ValState3="ignore" ValState4="ignore" ValState5="ignore" ValState6="ignore" GhostMode="false" />
      <Output Number="0" IsPulse="false" ValState1="ignore" ValState2="ignore" ValState3="ignore" ValState4="ignore" ValState5="ignore" ValState6="ignore" GhostMode="false" />
    </Outputs>
  </Gripper>
  <Gripper Number="9" NumIn="2" NumOut="2" NumStates="2" GrpAct="false" Name="Gripper9" GripperIcon="Def_Gripper_09" PulseTimeInS="0.5" TimeOutInMs="3000">
    <States>
      <State CondFunction="0" CondState="0" CondInput="0" CriticalKey="false" StateIcon="Def_State_1" Name="OPEN" Description="Open" />
      <State CondFunction="0" CondState="0" CondInput="0" CriticalKey="false" StateIcon="Def_State_2" Name="CLOSE" Description="Close" />
    </States>
    <Inputs>
      <Input Number="1026" ValState1="ignore" ValState2="ignore" ValState3="ignore" ValState4="ignore" ValState5="ignore" ValState6="ignore" GhostMode="true" />
      <Input Number="1026" ValState1="ignore" ValState2="ignore" ValState3="ignore" ValState4="ignore" ValState5="ignore" ValState6="ignore" GhostMode="true" />
    </Inputs>
    <Outputs>
      <Output Number="0" IsPulse="false" ValState1="ignore" ValState2="ignore" ValState3="ignore" ValState4="ignore" ValState5="ignore" ValState6="ignore" GhostMode="false" />
      <Output Number="0" IsPulse="false" ValState1="ignore" ValState2="ignore" ValState3="ignore" ValState4="ignore" ValState5="ignore" ValState6="ignore" GhostMode="false" />
    </Outputs>
  </Gripper>
  <Gripper Number="10" NumIn="2" NumOut="2" NumStates="2" GrpAct="false" Name="Gripper10" GripperIcon="Def_Gripper_10" PulseTimeInS="0.5" TimeOutInMs="3000">
    <States>
      <State CondFunction="0" CondState="0" CondInput="0" CriticalKey="false" StateIcon="Def_State_1" Name="OPEN" Description="Open" />
      <State CondFunction="0" CondState="0" CondInput="0" CriticalKey="false" StateIcon="Def_State_2" Name="CLOSE" Description="Close" />
    </States>
    <Inputs>
      <Input Number="1026" ValState1="ignore" ValState2="ignore" ValState3="ignore" ValState4="ignore" ValState5="ignore" ValState6="ignore" GhostMode="true" />
      <Input Number="1026" ValState1="ignore" ValState2="ignore" ValState3="ignore" ValState4="ignore" ValState5="ignore" ValState6="ignore" GhostMode="true" />
    </Inputs>
    <Outputs>
      <Output Number="0" IsPulse="false" ValState1="ignore" ValState2="ignore" ValState3="ignore" ValState4="ignore" ValState5="ignore" ValState6="ignore" GhostMode="false" />
      <Output Number="0" IsPulse="false" ValState1="ignore" ValState2="ignore" ValState3="ignore" ValState4="ignore" ValState5="ignore" ValState6="ignore" GhostMode="false" />
    </Outputs>
  </Gripper>
  <Gripper Number="11" NumIn="2" NumOut="2" NumStates="2" GrpAct="false" Name="Gripper11" GripperIcon="Def_Gripper_11" PulseTimeInS="0.5" TimeOutInMs="3000">
    <States>
      <State CondFunction="0" CondState="0" CondInput="0" CriticalKey="false" StateIcon="Def_State_1" Name="OPEN" Description="Open" />
      <State CondFunction="0" CondState="0" CondInput="0" CriticalKey="false" StateIcon="Def_State_2" Name="CLOSE" Description="Close" />
    </States>
    <Inputs>
      <Input Number="1026" ValState1="ignore" ValState2="ignore" ValState3="ignore" ValState4="ignore" ValState5="ignore" ValState6="ignore" GhostMode="true" />
      <Input Number="1026" ValState1="ignore" ValState2="ignore" ValState3="ignore" ValState4="ignore" ValState5="ignore" ValState6="ignore" GhostMode="true" />
    </Inputs>
    <Outputs>
      <Output Number="0" IsPulse="false" ValState1="ignore" ValState2="ignore" ValState3="ignore" ValState4="ignore" ValState5="ignore" ValState6="ignore" GhostMode="false" />
      <Output Number="0" IsPulse="false" ValState1="ignore" ValState2="ignore" ValState3="ignore" ValState4="ignore" ValState5="ignore" ValState6="ignore" GhostMode="false" />
    </Outputs>
  </Gripper>
  <Gripper Number="12" NumIn="2" NumOut="2" NumStates="2" GrpAct="false" Name="Gripper12" GripperIcon="Def_Gripper_12" PulseTimeInS="0.5" TimeOutInMs="3000">
    <States>
      <State CondFunction="0" CondState="0" CondInput="0" CriticalKey="false" StateIcon="Def_State_1" Name="OPEN" Description="Open" />
      <State CondFunction="0" CondState="0" CondInput="0" CriticalKey="false" StateIcon="Def_State_2" Name="CLOSE" Description="Close" />
    </States>
    <Inputs>
      <Input Number="1026" ValState1="ignore" ValState2="ignore" ValState3="ignore" ValState4="ignore" ValState5="ignore" ValState6="ignore" GhostMode="true" />
      <Input Number="1026" ValState1="ignore" ValState2="ignore" ValState3="ignore" ValState4="ignore" ValState5="ignore" ValState6="ignore" GhostMode="true" />
    </Inputs>
    <Outputs>
      <Output Number="0" IsPulse="false" ValState1="ignore" ValState2="ignore" ValState3="ignore" ValState4="ignore" ValState5="ignore" ValState6="ignore" GhostMode="false" />
      <Output Number="0" IsPulse="false" ValState1="ignore" ValState2="ignore" ValState3="ignore" ValState4="ignore" ValState5="ignore" ValState6="ignore" GhostMode="false" />
    </Outputs>
  </Gripper>
  <Gripper Number="13" NumIn="2" NumOut="2" NumStates="2" GrpAct="false" Name="Gripper13" GripperIcon="Def_Gripper_13" PulseTimeInS="0.5" TimeOutInMs="3000">
    <States>
      <State CondFunction="0" CondState="0" CondInput="0" CriticalKey="false" StateIcon="Def_State_1" Name="OPEN" Description="Open" />
      <State CondFunction="0" CondState="0" CondInput="0" CriticalKey="false" StateIcon="Def_State_2" Name="CLOSE" Description="Close" />
    </States>
    <Inputs>
      <Input Number="1026" ValState1="ignore" ValState2="ignore" ValState3="ignore" ValState4="ignore" ValState5="ignore" ValState6="ignore" GhostMode="true" />
      <Input Number="1026" ValState1="ignore" ValState2="ignore" ValState3="ignore" ValState4="ignore" ValState5="ignore" ValState6="ignore" GhostMode="true" />
    </Inputs>
    <Outputs>
      <Output Number="0" IsPulse="false" ValState1="ignore" ValState2="ignore" ValState3="ignore" ValState4="ignore" ValState5="ignore" ValState6="ignore" GhostMode="false" />
      <Output Number="0" IsPulse="false" ValState1="ignore" ValState2="ignore" ValState3="ignore" ValState4="ignore" ValState5="ignore" ValState6="ignore" GhostMode="false" />
    </Outputs>
  </Gripper>
  <Gripper Number="14" NumIn="2" NumOut="2" NumStates="2" GrpAct="false" Name="Gripper14" GripperIcon="Def_Gripper_14" PulseTimeInS="0.5" TimeOutInMs="3000">
    <States>
      <State CondFunction="0" CondState="0" CondInput="0" CriticalKey="false" StateIcon="Def_State_1" Name="OPEN" Description="Open" />
      <State CondFunction="0" CondState="0" CondInput="0" CriticalKey="false" StateIcon="Def_State_2" Name="CLOSE" Description="Close" />
    </States>
    <Inputs>
      <Input Number="1026" ValState1="ignore" ValState2="ignore" ValState3="ignore" ValState4="ignore" ValState5="ignore" ValState6="ignore" GhostMode="true" />
      <Input Number="1026" ValState1="ignore" ValState2="ignore" ValState3="ignore" ValState4="ignore" ValState5="ignore" ValState6="ignore" GhostMode="true" />
    </Inputs>
    <Outputs>
      <Output Number="0" IsPulse="false" ValState1="ignore" ValState2="ignore" ValState3="ignore" ValState4="ignore" ValState5="ignore" ValState6="ignore" GhostMode="false" />
      <Output Number="0" IsPulse="false" ValState1="ignore" ValState2="ignore" ValState3="ignore" ValState4="ignore" ValState5="ignore" ValState6="ignore" GhostMode="false" />
    </Outputs>
  </Gripper>
  <Gripper Number="15" NumIn="2" NumOut="2" NumStates="2" GrpAct="false" Name="Gripper15" GripperIcon="Def_Gripper_15" PulseTimeInS="0.5" TimeOutInMs="3000">
    <States>
      <State CondFunction="0" CondState="0" CondInput="0" CriticalKey="false" StateIcon="Def_State_1" Name="OPEN" Description="Open" />
      <State CondFunction="0" CondState="0" CondInput="0" CriticalKey="false" StateIcon="Def_State_2" Name="CLOSE" Description="Close" />
    </States>
    <Inputs>
      <Input Number="1026" ValState1="ignore" ValState2="ignore" ValState3="ignore" ValState4="ignore" ValState5="ignore" ValState6="ignore" GhostMode="true" />
      <Input Number="1026" ValState1="ignore" ValState2="ignore" ValState3="ignore" ValState4="ignore" ValState5="ignore" ValState6="ignore" GhostMode="true" />
    </Inputs>
    <Outputs>
      <Output Number="0" IsPulse="false" ValState1="ignore" ValState2="ignore" ValState3="ignore" ValState4="ignore" ValState5="ignore" ValState6="ignore" GhostMode="false" />
      <Output Number="0" IsPulse="false" ValState1="ignore" ValState2="ignore" ValState3="ignore" ValState4="ignore" ValState5="ignore" ValState6="ignore" GhostMode="false" />
    </Outputs>
  </Gripper>
  <Gripper Number="16" NumIn="2" NumOut="2" NumStates="2" GrpAct="false" Name="Gripper16" GripperIcon="Def_Gripper_16" PulseTimeInS="0.5" TimeOutInMs="3000">
    <States>
      <State CondFunction="0" CondState="0" CondInput="0" CriticalKey="false" StateIcon="Def_State_1" Name="OPEN" Description="Open" />
      <State CondFunction="0" CondState="0" CondInput="0" CriticalKey="false" StateIcon="Def_State_2" Name="CLOSE" Description="Close" />
    </States>
    <Inputs>
      <Input Number="1026" ValState1="ignore" ValState2="ignore" ValState3="ignore" ValState4="ignore" ValState5="ignore" ValState6="ignore" GhostMode="true" />
      <Input Number="1026" ValState1="ignore" ValState2="ignore" ValState3="ignore" ValState4="ignore" ValState5="ignore" ValState6="ignore" GhostMode="true" />
    </Inputs>
    <Outputs>
      <Output Number="0" IsPulse="false" ValState1="ignore" ValState2="ignore" ValState3="ignore" ValState4="ignore" ValState5="ignore" ValState6="ignore" GhostMode="false" />
      <Output Number="0" IsPulse="false" ValState1="ignore" ValState2="ignore" ValState3="ignore" ValState4="ignore" ValState5="ignore" ValState6="ignore" GhostMode="false" />
    </Outputs>
  </Gripper>
  <AdvancedSettings GhostMode="false" GhostInput="0" ErrorOutput="0" ErrorStrategy1="DialAtT1T2" ErrorStrategy2="DialAtT1T2" ErrorStrategy3="DialAtT1T2" ActivateViewViaUserKey="true" SignVal="12345" />
</Configuration>