<?xml version="1.0"?>
<XmlLog xmlns:xsi="http://www.w3.org/2001/XMLSchema-instance" xmlns:xsd="http://www.w3.org/2001/XMLSchema">
  <MaintenanceGroups>
    <MaintenanceGroup Name="BasicInspection">
      <MaintenanceLogs>
        <MaintenanceLog IntervalInYears="1" Maintenance="BasicInspection">
          <CurrentDate>2019-01-03T00:00:00+01:00</CurrentDate>
          <UserName>Samuel Morris</UserName>
          <RunTimeInHours>98</RunTimeInHours>
          <OrderNumber>1</OrderNumber>
          <Comment>it works</Comment>
        </MaintenanceLog>
      </MaintenanceLogs>
    </MaintenanceGroup>
  </MaintenanceGroups>
<Signature xmlns="http://www.w3.org/2000/09/xmldsig#"><SignedInfo><CanonicalizationMethod Algorithm="http://www.w3.org/TR/2001/REC-xml-c14n-20010315" /><SignatureMethod Algorithm="http://www.w3.org/2000/09/xmldsig#rsa-sha1" /><Reference URI=""><Transforms><Transform Algorithm="http://www.w3.org/2000/09/xmldsig#enveloped-signature" /></Transforms><DigestMethod Algorithm="http://www.w3.org/2000/09/xmldsig#sha1" /><DigestValue>13xAZegZDGuS6IXIG3xPzWf3YDc=</DigestValue></Reference><Reference URI=""><Transforms><Transform Algorithm="http://www.w3.org/2000/09/xmldsig#enveloped-signature" /></Transforms><DigestMethod Algorithm="http://www.w3.org/2000/09/xmldsig#sha1" /><DigestValue>13xAZegZDGuS6IXIG3xPzWf3YDc=</DigestValue></Reference></SignedInfo><SignatureValue>UilJyprH9RYYMu6AdHYZ9F/w8bhsdW9VuIq4lkZ59z2DbAbOroVgU1CiVftXMedQ0c+qWtnIva6NfCXzFZgahjLEtdcDNPaFMih6/bE6mE5uwHYrIBKPODd76norOkTPgY2Q38r4M6WHQ95mEPvTKltPLSHXga8RJWoOeZRHHIg=</SignatureValue><KeyInfo><KeyValue><RSAKeyValue><Modulus>q15KekWWixdB50pP5xe/5ww/72JpIKtQm/MKStiCHaDChU3q9MKjBMRUg7+fl2Z3ytLXujhob2zONo85iO8mxy+6QIAwUYRYUSXS9TrhA7u8OveoOFNs7ZdrNxmV9JgGoAHXOSqRHtIHZGx8kOF1HUkTTtHuT1lHbKDi0xh/sPE=</Modulus><Exponent>AQAB</Exponent></RSAKeyValue></KeyValue></KeyInfo></Signature></XmlLog>