﻿<?xml version="1.0" encoding="utf-8"?>
<!--XML file automatically generated by WorkVisual V6.0.5_Build0492.-->
<!--DO NOT EDIT-->
<ServoFile xsi:noNamespaceSchemaLocation="../../../System/Common/Schemes/Servofile.xsd" xmlns:xsi="http://www.w3.org/2001/XMLSchema-instance">
  <Version Label="">
    <Info Version="KUKA V8.3" />
    <Schema Version="1" />
  </Version>
  <Parameter Index="0x28" Relative="true" SubIndex="0" Type="INT16" Value="1" />
  <Parameter Index="0x28" Relative="true" SubIndex="0" Type="INT16" Value="0" />
  <Parameter Index="0x5031" Relative="false" SubIndex="1" Type="INT32" Value="0x20080000" />
  <Parameter Index="0x5031" Relative="false" SubIndex="2" Type="INT32" Value="0x20080000" />
  <Parameter Index="0x5031" Relative="false" SubIndex="3" Type="INT32" Value="0x20080000" />
  <Parameter Index="0x5031" Relative="false" SubIndex="4" Type="INT32" Value="0x20080000" />
  <Parameter Index="0x5031" Relative="false" SubIndex="5" Type="INT32" Value="0x20080000" />
  <Parameter Index="0x5031" Relative="false" SubIndex="6" Type="INT32" Value="0x20080000" />
  <Parameter Index="0x5031" Relative="false" SubIndex="7" Type="INT32" Value="0x20080000" />
  <Parameter Index="0x5031" Relative="false" SubIndex="8" Type="INT32" Value="0x20080000" />
  <Parameter Index="0x5031" Relative="false" SubIndex="9" Type="INT32" Value="0x20080000" />
  <Parameter Index="0x5031" Relative="false" SubIndex="10" Type="INT32" Value="0x20080000" />
  <Parameter Index="0x5031" Relative="false" SubIndex="11" Type="INT32" Value="0x20080000" />
  <Parameter Index="0x5031" Relative="false" SubIndex="12" Type="INT32" Value="0x20080000" />
  <Parameter Index="0x5031" Relative="false" SubIndex="13" Type="INT32" Value="0x20080000" />
  <Parameter Index="0x5031" Relative="false" SubIndex="14" Type="INT32" Value="0x20080000" />
  <Parameter Index="0x5031" Relative="false" SubIndex="15" Type="INT32" Value="0x20080000" />
  <Parameter Index="0x5031" Relative="false" SubIndex="16" Type="INT32" Value="0x20080000" />
  <Parameter Index="0x2047" Relative="false" SubIndex="1" Type="UINT16" Value="175" />
  <Parameter Index="0x5041" Relative="false" SubIndex="2" Type="UINT16" Value="50" />
  <Parameter Index="0x5043" Relative="false" SubIndex="2" Type="INT16" Value="18022" />
  <Parameter Index="0x5043" Relative="false" SubIndex="3" Type="INT16" Value="17367" />
</ServoFile>