﻿<?xml version="1.0" encoding="utf-8"?>
<ServoFile xmlns:xsi="http://www.w3.org/2001/XMLSchema-instance" xsi:noNamespaceSchemaLocation="/Roboter/Config/System/Common/Schemes/Servofile.xsd">
  <Version Label="">
    <Info Version="Any" />
    <Schema Version="1" />
    <!--###############################################################-->
    <!--########                                               ########-->
    <!--########                   KR C4 sr                    ########-->
    <!--########                  Servo-File                   ########-->
    <!--########               KUKA-ROBOTER GMBH               ########-->
    <!--########                                               ########-->
    <!--###############################################################-->
    <!--ATB 1.27.0, DB V7.155-->
    <!--Datum: 08-May-2014 10:38:11-->
    <!--Motor:     MG_12_58_60-->
    <!--Umrichter: KSPsr10-->
    <!--xmlFileID_MG_12_58_60_KSPsr10_20140508103811_923-->
  </Version>
  <Parameter Index="3" Relative="true" SubIndex="1" Type="UINT16" Value="1" />
  <Parameter Index="6" Relative="true" SubIndex="3" Type="INT16" Value="4456" />
  <Parameter Index="8" Relative="true" SubIndex="1" Type="INT16" Value="-2406" />
  <Parameter Index="8" Relative="true" SubIndex="3" Type="UINT16" Value="5614" />
  <Parameter Index="8" Relative="true" SubIndex="4" Type="UINT16" Value="27852" />
  <Parameter Index="9" Relative="true" SubIndex="1" Type="UINT16" Value="2219" />
  <Parameter Index="9" Relative="true" SubIndex="2" Type="UINT16" Value="4530" />
  <Parameter Index="9" Relative="true" SubIndex="3" Type="UINT16" Value="2219" />
  <Parameter Index="9" Relative="true" SubIndex="4" Type="UINT16" Value="4530" />
  <Parameter Index="9" Relative="true" SubIndex="5" Type="UINT16" Value="3435" />
  <Parameter Index="9" Relative="true" SubIndex="7" Type="UINT16" Value="3822" />
  <Parameter Index="11" Relative="true" SubIndex="1" Type="UINT16" Value="31548" />
  <Parameter Index="11" Relative="true" SubIndex="2" Type="UINT16" Value="37019" />
  <Parameter Index="11" Relative="true" SubIndex="3" Type="UINT16" Value="36711" />
  <Parameter Index="11" Relative="true" SubIndex="4" Type="UINT16" Value="35931" />
  <Parameter Index="11" Relative="true" SubIndex="5" Type="UINT16" Value="35024" />
  <Parameter Index="11" Relative="true" SubIndex="6" Type="UINT16" Value="34105" />
  <Parameter Index="11" Relative="true" SubIndex="7" Type="UINT16" Value="33255" />
  <Parameter Index="11" Relative="true" SubIndex="8" Type="UINT16" Value="32515" />
  <Parameter Index="11" Relative="true" SubIndex="9" Type="UINT16" Value="31886" />
  <Parameter Index="11" Relative="true" SubIndex="10" Type="UINT16" Value="31348" />
  <Parameter Index="11" Relative="true" SubIndex="11" Type="UINT16" Value="30873" />
  <Parameter Index="11" Relative="true" SubIndex="12" Type="UINT16" Value="30433" />
  <Parameter Index="11" Relative="true" SubIndex="13" Type="UINT16" Value="30010" />
  <Parameter Index="11" Relative="true" SubIndex="14" Type="UINT16" Value="29592" />
  <Parameter Index="11" Relative="true" SubIndex="15" Type="UINT16" Value="29175" />
  <Parameter Index="11" Relative="true" SubIndex="16" Type="UINT16" Value="29175" />
  <Parameter Index="11" Relative="true" SubIndex="17" Type="UINT16" Value="29175" />
  <Parameter Index="11" Relative="true" SubIndex="18" Type="UINT16" Value="29175" />
  <Parameter Index="11" Relative="true" SubIndex="19" Type="UINT16" Value="29175" />
  <Parameter Index="11" Relative="true" SubIndex="20" Type="UINT16" Value="29175" />
  <Parameter Index="11" Relative="true" SubIndex="21" Type="UINT16" Value="29175" />
  <Parameter Index="11" Relative="true" SubIndex="22" Type="UINT16" Value="29175" />
  <Parameter Index="11" Relative="true" SubIndex="23" Type="UINT16" Value="29175" />
  <Parameter Index="11" Relative="true" SubIndex="24" Type="UINT16" Value="29175" />
  <Parameter Index="11" Relative="true" SubIndex="25" Type="UINT16" Value="29175" />
  <Parameter Index="11" Relative="true" SubIndex="26" Type="UINT16" Value="29175" />
  <Parameter Index="11" Relative="true" SubIndex="27" Type="UINT16" Value="29175" />
  <Parameter Index="11" Relative="true" SubIndex="28" Type="UINT16" Value="29175" />
  <Parameter Index="11" Relative="true" SubIndex="29" Type="UINT16" Value="29175" />
  <Parameter Index="11" Relative="true" SubIndex="30" Type="UINT16" Value="29175" />
  <Parameter Index="11" Relative="true" SubIndex="31" Type="UINT16" Value="29175" />
  <Parameter Index="11" Relative="true" SubIndex="32" Type="UINT16" Value="29175" />
  <Parameter Index="29" Relative="true" SubIndex="0" Type="INT16" Value="3010" />
  <Parameter Index="64" Relative="true" SubIndex="1" Type="UINT16" Value="4" />
  <Parameter Index="64" Relative="true" SubIndex="3" Type="INT16" Value="327" />
  <Parameter Index="67" Relative="true" SubIndex="1" Type="INT16" Value="750" />
  <Parameter Index="67" Relative="true" SubIndex="2" Type="UINT16" Value="131" />
</ServoFile>
<!--checksum 2279-->