﻿<?xml version="1.0" encoding="utf-8"?>
<!--XML file automatically generated by WorkVisual V6.0.5_Build0492.-->
<!--DO NOT EDIT-->
<Axis xsi:noNamespaceSchemaLocation="../../../../System/Common/Schemes/NGAxis.xsd" xmlns:xsi="http://www.w3.org/2001/XMLSchema-instance">
  <Version Label="">
    <Info Version="KUKA V8.3" />
    <Schema Version="1" />
  </Version>
  <Machine Name="#KR10R1100 C4SR FLR" />
  <AxisData Simulation="Off" Type="Rotator" Mode="StandAlone" MessageDisable="0" />
  <ToolMotor ExtTorqueOfInertia="0.000178" MaximalEnergy="256.5" RampUpTimeUnderLoad="399.76" RampStopTime="390" kTCharacteristic="true" MotorFile="Motor\M_MG_35_84_45_KSPsr12_230V_V1.xml" ServoFile="ServoFile\S_MG_35_84_45_KSPsr12_230V_V1.xml" ParameterFile="Mada\NGAxis\CtrlA1.xml" AdditionalFunctionFile="Mada\NGAxis\CtrlA1AddFct.xml">
    <Monitoring PositionLag="240" PositionLagSoft="960" Speed="8160" SpeedLag="0" />
    <Limit Current="0" Speed="0" />
  </ToolMotor>
  <Inversion Position="false" Velocity="false" Torque="false" />
  <Delay ActValue="2" CmdValue="24" />
  <Mastering ChannelName="EMD-Data" Type="EMD" />
</Axis>