<?xml version="1.0" encoding="utf-8"?>
<!-- **************************************** -->
<!-- Channel data, for KUKA.PLC Multiprog MCFB 4.0          -->
<!-- **************************************** -->
<SDA_MDS>

   <Version Label="1">
      <Schema Version="1"/>
   </Version>

   <GeneralParameter>
      <!-- Number of axis groups - 'grp_anzahl' -->
      <P-CHAN-00023 Value="1" />
      <!-- Number of spindles - 'spdl_anzahl' -->
      <P-CHAN-00082 Value="0"/>
   </GeneralParameter>
   
   <!-- Group Data -->
   <Group>
      <GroupIndex Value="0">
         <!-- Group data - group name - 'bezeichnung' -->
         <P-CHAN-00005 Value="GRP_2"/>
         <!-- Group data - number of axes - 'achs_anzahl' -->
         <P-CHAN-00003 Value="0"/>
      </GroupIndex>
   </Group>
   
</SDA_MDS>
  