﻿<?xml version="1.0" encoding="utf-8"?>
<!-- *********************** -->
<!-- Zero offset data        -->
<!-- *********************** -->
<ZeroOffset xmlns:xsi="http://www.w3.org/2001/XMLSchema-instance" xsi:noNamespaceSchemaLocation="zero_offset.xsd">
  <Version Label="1">
    <Schema Version="1" />
  </Version>
  <!-- Deselection of zero offsets - 'g53_verfuegbar' -->
  <P-ZERO-00001 Value="0" />
  <!-- Default setting of zero offsets - 'default_index' -->
  <P-ZERO-00002 Value="0" />
  <ZeroOffsetGroup>
    <!-- G53: -->
    <GroupIndex Value="0">
      <AxisIndex Value="0">
        <!-- Zero offset - 'versch' -->
        <P-ZERO-00003 Value="0" />
        <!-- Axis specific activation of a zero offset - 'inaktiv' -->
        <P-ZERO-00004 Value="0" />
      </AxisIndex>
      <AxisIndex Value="1">
        <!-- Zero offset - 'versch' -->
        <P-ZERO-00003 Value="0" />
        <!-- Axis specific activation of a zero offset - 'inaktiv' -->
        <P-ZERO-00004 Value="0" />
      </AxisIndex>
      <AxisIndex Value="2">
        <!-- Zero offset - versch -->
        <P-ZERO-00003 Value="0" />
        <!-- Axis specific activation of a zero offset - 'inaktiv' -->
        <P-ZERO-00004 Value="0" />
      </AxisIndex>
    </GroupIndex>
    <!-- G54: -->
    <GroupIndex Value="1">
      <AxisIndex Value="0">
        <!-- Zero offset - versch -->
        <P-ZERO-00003 Value="0" />
        <!-- Axis specific activation of a zero offset - 'inaktiv' -->
        <P-ZERO-00004 Value="0" />
      </AxisIndex>
      <AxisIndex Value="1">
        <!-- Zero offset - versch -->
        <P-ZERO-00003 Value="0" />
        <!-- Axis specific activation of a zero offset - 'inaktiv' -->
        <P-ZERO-00004 Value="0" />
      </AxisIndex>
      <AxisIndex Value="2">
        <!-- Zero offset - versch -->
        <P-ZERO-00003 Value="0" />
        <!-- Axis specific activation of a zero offset - 'inaktiv' -->
        <P-ZERO-00004 Value="0" />
      </AxisIndex>
    </GroupIndex>
    <!-- G55: -->
    <GroupIndex Value="2">
      <AxisIndex Value="0">
        <!-- Zero offset - 'versch' -->
        <P-ZERO-00003 Value="0" />
        <!-- Axis specific activation of a zero offset - 'inaktiv' -->
        <P-ZERO-00004 Value="0" />
      </AxisIndex>
      <AxisIndex Value="1">
        <!-- Zero offset - 'versch' -->
        <P-ZERO-00003 Value="0" />
        <!-- Axis specific activation of a zero offset - 'inaktiv' -->
        <P-ZERO-00004 Value="0" />
      </AxisIndex>
      <AxisIndex Value="2">
        <!-- Zero offset - 'versch' -->
        <P-ZERO-00003 Value="0" />
        <!-- Axis specific activation of a zero offset - 'inaktiv' -->
        <P-ZERO-00004 Value="0" />
      </AxisIndex>
    </GroupIndex>
    <!-- G56: -->
    <GroupIndex Value="3">
      <AxisIndex Value="0">
        <!-- Zero offset - 'versch' -->
        <P-ZERO-00003 Value="0" />
        <!-- Axis specific activation of a zero offset - 'inaktiv' -->
        <P-ZERO-00004 Value="0" />
      </AxisIndex>
      <AxisIndex Value="1">
        <!-- Zero offset - 'versch' -->
        <P-ZERO-00003 Value="0" />
        <!-- Axis specific activation of a zero offset - 'inaktiv' -->
        <P-ZERO-00004 Value="0" />
      </AxisIndex>
      <AxisIndex Value="2">
        <!-- Zero offset - 'versch' -->
        <P-ZERO-00003 Value="0" />
        <!-- Axis specific activation of a zero offset - 'inaktiv' -->
        <P-ZERO-00004 Value="0" />
      </AxisIndex>
    </GroupIndex>
    <!-- G57: -->
    <GroupIndex Value="4">
      <AxisIndex Value="0">
        <!-- Zero offset - 'versch' -->
        <P-ZERO-00003 Value="0" />
        <!-- Axis specific activation of a zero offset - 'inaktiv' -->
        <P-ZERO-00004 Value="0" />
      </AxisIndex>
      <AxisIndex Value="1">
        <!-- Zero offset - 'versch' -->
        <P-ZERO-00003 Value="0" />
        <!-- Axis specific activation of a zero offset - 'inaktiv' -->
        <P-ZERO-00004 Value="0" />
      </AxisIndex>
      <AxisIndex Value="2">
        <!-- Zero offset - 'versch' -->
        <P-ZERO-00003 Value="0" />
        <!-- Axis specific activation of a zero offset - 'inaktiv' -->
        <P-ZERO-00004 Value="0" />
      </AxisIndex>
    </GroupIndex>
    <!-- G58: -->
    <GroupIndex Value="5">
      <AxisIndex Value="0">
        <!-- Zero offset - 'versch' -->
        <P-ZERO-00003 Value="0" />
        <!-- Axis specific activation of a zero offset - 'inaktiv' -->
        <P-ZERO-00004 Value="0" />
      </AxisIndex>
      <AxisIndex Value="1">
        <!-- Zero offset - 'versch' -->
        <P-ZERO-00003 Value="0" />
        <!-- Axis specific activation of a zero offset - 'inaktiv' -->
        <P-ZERO-00004 Value="0" />
      </AxisIndex>
      <AxisIndex Value="2">
        <!-- Zero offset - 'versch' -->
        <P-ZERO-00003 Value="0" />
        <!-- Axis specific activation of a zero offset - 'inaktiv' -->
        <P-ZERO-00004 Value="0" />
      </AxisIndex>
    </GroupIndex>
    <!-- G59: -->
    <GroupIndex Value="6">
      <AxisIndex Value="0">
        <!-- Zero offset - 'versch' -->
        <P-ZERO-00003 Value="0" />
        <!-- Axis specific activation of a zero offset - 'inaktiv' -->
        <P-ZERO-00004 Value="0" />
      </AxisIndex>
      <AxisIndex Value="1">
        <!-- Zero offset - 'versch' -->
        <P-ZERO-00003 Value="0" />
        <!-- Axis specific activation of a zero offset - 'inaktiv' -->
        <P-ZERO-00004 Value="0" />
      </AxisIndex>
      <AxisIndex Value="2">
        <!-- Zero offset - 'versch' -->
        <P-ZERO-00003 Value="0" />
        <!-- Axis specific activation of a zero offset - 'inaktiv' -->
        <P-ZERO-00004 Value="0" />
      </AxisIndex>
    </GroupIndex>
    <!-- G159: -->
    <GroupIndex Value="7">
      <AxisIndex Value="0">
        <!-- Zero offset - 'versch' -->
        <P-ZERO-00003 Value="0" />
        <!-- Axis specific activation of a zero offset - 'inaktiv' -->
        <P-ZERO-00004 Value="0" />
      </AxisIndex>
      <AxisIndex Value="1">
        <!-- Zero offset - 'versch' -->
        <P-ZERO-00003 Value="0" />
        <!-- Axis specific activation of a zero offset - 'inaktiv' -->
        <P-ZERO-00004 Value="0" />
      </AxisIndex>
      <AxisIndex Value="2">
        <!-- Zero offset - 'versch' -->
        <P-ZERO-00003 Value="0" />
        <!-- Axis specific activation of a zero offset - 'inaktiv' -->
        <P-ZERO-00004 Value="0" />
      </AxisIndex>
    </GroupIndex>
  </ZeroOffsetGroup>
</ZeroOffset>